cost_id,asset_id,cost_date,cost_type,amount_aud,funding_source,linked_work_order_id,fiscal_year
COST-00001,AST-0001,2023-07-18,Operational,2229.31,Reactive Maintenance Reserve,WO-00001,FY2024
COST-00002,AST-0001,2025-02-17,Capital,3743.06,Reactive Maintenance Reserve,WO-00002,FY2025
COST-00003,AST-0001,2026-01-02,Capital Planned,237146.43,Renewal Program,,FY2026
COST-00004,AST-0002,2023-05-16,Operational,3685.90,Reactive Maintenance Reserve,WO-00003,FY2023
COST-00005,AST-0002,2023-10-20,Capital,4899.56,Reactive Maintenance Reserve,WO-00004,FY2024
COST-00006,AST-0002,2024-03-08,Capital,2762.16,Reactive Maintenance Reserve,WO-00005,FY2024
COST-00007,AST-0002,2024-03-11,Operational,3157.49,Reactive Maintenance Reserve,WO-00006,FY2024
COST-00008,AST-0002,2024-07-02,Operational,2107.97,Reactive Maintenance Reserve,WO-00007,FY2025
COST-00009,AST-0002,2024-10-06,Operational,2477.60,Operating Budget,WO-00008,FY2025
COST-00010,AST-0002,2025-03-21,Capital,4329.48,Operating Budget,WO-00009,FY2025
COST-00011,AST-0002,2025-07-28,Operational,3398.29,Reactive Maintenance Reserve,WO-00010,FY2026
COST-00012,AST-0002,2025-10-19,Operational,1348.68,Operating Budget,WO-00011,FY2026
COST-00013,AST-0002,2025-08-13,Capital Planned,553996.77,Renewal Program,,FY2026
COST-00014,AST-0003,2023-03-06,Operational,1508.26,Operating Budget,WO-00012,FY2023
COST-00015,AST-0004,2023-01-31,Operational,1499.37,Operating Budget,WO-00013,FY2023
COST-00016,AST-0004,2023-04-14,Operational,1509.14,Operating Budget,WO-00014,FY2023
COST-00017,AST-0004,2023-07-11,Operational,1979.52,Operating Budget,WO-00015,FY2024
COST-00018,AST-0004,2023-07-20,Capital,2759.67,Operating Budget,WO-00016,FY2024
COST-00019,AST-0005,2023-09-26,Operational,1054.08,Operating Budget,WO-00017,FY2024
COST-00020,AST-0005,2025-03-21,Capital,3826.66,Operating Budget,WO-00018,FY2025
COST-00021,AST-0006,2025-05-17,Capital,3878.35,Reactive Maintenance Reserve,WO-00019,FY2025
COST-00022,AST-0006,2025-11-12,Capital Planned,351823.98,Renewal Program,,FY2026
COST-00023,AST-0007,2024-01-03,Operational,2162.77,Operating Budget,WO-00020,FY2024
COST-00024,AST-0007,2024-11-11,Operational,3002.94,Operating Budget,WO-00021,FY2025
COST-00025,AST-0008,2023-08-25,Capital,4457.31,Operating Budget,WO-00022,FY2024
COST-00026,AST-0008,2024-01-25,Capital,2205.14,Operating Budget,WO-00023,FY2024
COST-00027,AST-0008,2025-02-27,Operational,1594.01,Operating Budget,WO-00024,FY2025
COST-00028,AST-0008,2025-11-13,Operational,1730.88,Operating Budget,WO-00025,FY2026
COST-00029,AST-0009,2023-02-20,Operational,1888.58,Operating Budget,WO-00026,FY2023
COST-00030,AST-0009,2023-04-05,Operational,1688.60,Operating Budget,WO-00027,FY2023
COST-00031,AST-0009,2023-10-29,Operational,2177.12,Reactive Maintenance Reserve,WO-00028,FY2024
COST-00032,AST-0009,2024-02-12,Operational,2846.40,Reactive Maintenance Reserve,WO-00029,FY2024
COST-00033,AST-0009,2024-04-05,Capital,6952.59,Operating Budget,WO-00030,FY2024
COST-00034,AST-0009,2024-05-16,Capital,5914.28,Operating Budget,WO-00031,FY2024
COST-00035,AST-0009,2025-08-31,Operational,2749.95,Reactive Maintenance Reserve,WO-00032,FY2026
COST-00036,AST-0009,2025-11-19,Capital Planned,507946.94,Renewal Program,,FY2026
COST-00037,AST-0010,2024-03-27,Operational,1588.46,Operating Budget,WO-00033,FY2024
COST-00038,AST-0010,2025-03-09,Operational,1503.85,Operating Budget,WO-00034,FY2025
COST-00039,AST-0010,2025-05-08,Capital,6622.28,Operating Budget,WO-00035,FY2025
COST-00040,AST-0011,2023-09-16,Operational,3671.94,Operating Budget,WO-00036,FY2024
COST-00041,AST-0012,2023-01-26,Operational,1945.26,Operating Budget,WO-00037,FY2023
COST-00042,AST-0012,2023-08-05,Capital,4977.83,Operating Budget,WO-00038,FY2024
COST-00043,AST-0012,2025-01-11,Operational,1755.34,Reactive Maintenance Reserve,WO-00039,FY2025
COST-00044,AST-0012,2025-05-10,Capital,4382.16,Operating Budget,WO-00040,FY2025
COST-00045,AST-0012,2025-06-06,Operational,2002.31,Reactive Maintenance Reserve,WO-00041,FY2025
COST-00046,AST-0012,2025-07-30,Capital,6673.97,Operating Budget,WO-00042,FY2026
COST-00047,AST-0012,2025-09-30,Operational,2964.55,Reactive Maintenance Reserve,WO-00043,FY2026
COST-00048,AST-0013,2023-07-25,Operational,1904.48,Operating Budget,WO-00044,FY2024
COST-00049,AST-0013,2024-02-02,Capital,6362.89,Operating Budget,WO-00045,FY2024
COST-00050,AST-0013,2024-04-10,Operational,2051.26,Operating Budget,WO-00046,FY2024
COST-00051,AST-0013,2024-08-29,Operational,3044.72,Operating Budget,WO-00047,FY2025
COST-00052,AST-0014,2023-06-16,Capital,3754.90,Operating Budget,WO-00048,FY2023
COST-00053,AST-0014,2023-11-18,Operational,1129.87,Operating Budget,WO-00049,FY2024
COST-00054,AST-0014,2024-06-25,Operational,1813.28,Operating Budget,WO-00050,FY2024
COST-00055,AST-0015,2023-02-12,Capital,4676.39,Operating Budget,WO-00051,FY2023
COST-00056,AST-0016,2023-04-16,Operational,2476.95,Reactive Maintenance Reserve,WO-00052,FY2023
COST-00057,AST-0016,2023-04-22,Operational,2396.28,Reactive Maintenance Reserve,WO-00053,FY2023
COST-00058,AST-0016,2024-01-20,Operational,4747.07,Reactive Maintenance Reserve,WO-00054,FY2024
COST-00059,AST-0016,2025-01-10,Capital,4309.22,Operating Budget,WO-00055,FY2025
COST-00060,AST-0016,2025-06-24,Operational,1580.53,Operating Budget,WO-00056,FY2025
COST-00061,AST-0016,2025-10-17,Capital,5312.96,Operating Budget,WO-00057,FY2026
COST-00062,AST-0016,2025-11-27,Operational,3038.05,Operating Budget,WO-00058,FY2026
COST-00063,AST-0016,2025-07-02,Capital Planned,449449.87,Renewal Program,,FY2026
COST-00064,AST-0017,2023-07-24,Operational,1860.60,Operating Budget,WO-00059,FY2024
COST-00065,AST-0017,2025-12-13,Operational,3000.96,Reactive Maintenance Reserve,WO-00060,FY2026
COST-00066,AST-0018,2023-06-11,Operational,2345.75,Operating Budget,WO-00061,FY2023
COST-00067,AST-0019,2023-04-11,Operational,1697.44,Operating Budget,WO-00062,FY2023
COST-00068,AST-0019,2025-10-14,Operational,2290.45,Operating Budget,WO-00063,FY2026
COST-00069,AST-0020,2023-07-04,Capital,3443.52,Reactive Maintenance Reserve,WO-00064,FY2024
COST-00070,AST-0020,2025-01-19,Operational,3363.38,Operating Budget,WO-00065,FY2025
COST-00071,AST-0020,2025-03-24,Capital,7009.21,Operating Budget,WO-00066,FY2025
COST-00072,AST-0020,2026-02-23,Capital Planned,549515.14,Renewal Program,,FY2026
COST-00073,AST-0021,2023-05-05,Operational,1380.78,Reactive Maintenance Reserve,WO-00067,FY2023
COST-00074,AST-0021,2023-09-08,Operational,2587.60,Reactive Maintenance Reserve,WO-00068,FY2024
COST-00075,AST-0021,2024-01-24,Operational,2111.39,Reactive Maintenance Reserve,WO-00069,FY2024
COST-00076,AST-0021,2024-07-19,Operational,1610.87,Operating Budget,WO-00070,FY2025
COST-00077,AST-0021,2025-01-04,Operational,1814.35,Operating Budget,WO-00071,FY2025
COST-00078,AST-0021,2025-03-26,Operational,1963.58,Reactive Maintenance Reserve,WO-00072,FY2025
COST-00079,AST-0021,2025-07-20,Operational,2268.19,Operating Budget,WO-00073,FY2026
COST-00080,AST-0021,2026-02-17,Capital Planned,175223.38,Renewal Program,,FY2026
COST-00081,AST-0022,2024-04-12,Capital,2867.08,Reactive Maintenance Reserve,WO-00074,FY2024
COST-00082,AST-0022,2024-11-25,Operational,754.85,Operating Budget,WO-00075,FY2025
COST-00083,AST-0022,2025-03-27,Operational,2865.20,Reactive Maintenance Reserve,WO-00076,FY2025
COST-00084,AST-0022,2025-04-27,Capital,4320.93,Operating Budget,WO-00077,FY2025
COST-00085,AST-0022,2025-05-30,Operational,1509.07,Reactive Maintenance Reserve,WO-00078,FY2025
COST-00086,AST-0022,2025-07-13,Operational,2467.22,Reactive Maintenance Reserve,WO-00079,FY2026
COST-00087,AST-0022,2025-07-17,Operational,2209.13,Reactive Maintenance Reserve,WO-00080,FY2026
COST-00088,AST-0022,2025-12-06,Capital Planned,340887.65,Renewal Program,,FY2026
COST-00089,AST-0023,2023-08-16,Operational,3042.03,Operating Budget,WO-00081,FY2024
COST-00090,AST-0023,2024-08-03,Capital,2403.42,Reactive Maintenance Reserve,WO-00082,FY2025
COST-00091,AST-0023,2024-12-07,Operational,2284.13,Reactive Maintenance Reserve,WO-00083,FY2025
COST-00092,AST-0023,2025-05-30,Operational,1541.36,Reactive Maintenance Reserve,WO-00084,FY2025
COST-00093,AST-0023,2025-09-23,Operational,2906.46,Reactive Maintenance Reserve,WO-00085,FY2026
COST-00094,AST-0023,2025-11-26,Capital Planned,239049.76,Renewal Program,,FY2026
COST-00095,AST-0024,2023-06-04,Capital,5622.79,Operating Budget,WO-00086,FY2023
COST-00096,AST-0024,2023-11-10,Capital,3822.64,Operating Budget,WO-00087,FY2024
COST-00097,AST-0024,2023-12-22,Capital,3540.99,Operating Budget,WO-00088,FY2024
COST-00098,AST-0024,2023-12-29,Capital,5729.03,Reactive Maintenance Reserve,WO-00089,FY2024
COST-00099,AST-0024,2025-10-08,Capital,3848.60,Reactive Maintenance Reserve,WO-00090,FY2026
COST-00100,AST-0024,2025-07-22,Capital Planned,449684.79,Renewal Program,,FY2026
COST-00101,AST-0025,2023-11-04,Operational,2674.11,Reactive Maintenance Reserve,WO-00091,FY2024
COST-00102,AST-0025,2024-05-31,Capital,6691.89,Operating Budget,WO-00092,FY2024
COST-00103,AST-0025,2024-08-04,Operational,2398.84,Operating Budget,WO-00093,FY2025
COST-00104,AST-0025,2024-11-13,Operational,2094.11,Operating Budget,WO-00094,FY2025
COST-00105,AST-0025,2025-03-02,Operational,1366.65,Operating Budget,WO-00095,FY2025
COST-00106,AST-0026,2024-02-02,Capital,6857.54,Operating Budget,WO-00096,FY2024
COST-00107,AST-0026,2024-07-31,Operational,2299.89,Operating Budget,WO-00097,FY2025
COST-00108,AST-0026,2025-01-23,Capital,8053.92,Operating Budget,WO-00098,FY2025
COST-00109,AST-0026,2025-02-21,Operational,2393.12,Reactive Maintenance Reserve,WO-00099,FY2025
COST-00110,AST-0026,2025-05-07,Operational,2363.71,Reactive Maintenance Reserve,WO-00100,FY2025
COST-00111,AST-0026,2025-06-21,Operational,1805.40,Operating Budget,WO-00101,FY2025
COST-00112,AST-0026,2025-08-03,Operational,3509.94,Reactive Maintenance Reserve,WO-00102,FY2026
COST-00113,AST-0026,2025-10-26,Capital,5884.14,Operating Budget,WO-00103,FY2026
COST-00114,AST-0026,2025-12-16,Capital,4182.87,Reactive Maintenance Reserve,WO-00104,FY2026
COST-00115,AST-0026,2026-02-20,Capital Planned,148304.73,Renewal Program,,FY2026
COST-00116,AST-0027,2023-08-01,Operational,3645.84,Reactive Maintenance Reserve,WO-00105,FY2024
COST-00117,AST-0027,2024-11-11,Capital,3044.75,Operating Budget,WO-00106,FY2025
COST-00118,AST-0028,2023-06-19,Operational,2165.02,Operating Budget,WO-00107,FY2023
COST-00119,AST-0028,2024-06-30,Operational,2159.98,Operating Budget,WO-00108,FY2024
COST-00120,AST-0028,2025-01-22,Operational,1386.26,Operating Budget,WO-00109,FY2025
COST-00121,AST-0028,2025-10-15,Operational,3476.00,Operating Budget,WO-00110,FY2026
COST-00122,AST-0028,2025-11-29,Operational,2095.66,Operating Budget,WO-00111,FY2026
COST-00123,AST-0029,2023-08-30,Capital,3170.84,Operating Budget,WO-00112,FY2024
COST-00124,AST-0029,2024-06-20,Operational,1071.55,Operating Budget,WO-00113,FY2024
COST-00125,AST-0029,2025-03-03,Operational,2379.56,Operating Budget,WO-00114,FY2025
COST-00126,AST-0030,2023-06-01,Capital,4938.12,Operating Budget,WO-00115,FY2023
COST-00127,AST-0030,2023-09-14,Operational,3234.64,Reactive Maintenance Reserve,WO-00116,FY2024
COST-00128,AST-0030,2024-10-11,Operational,965.36,Operating Budget,WO-00117,FY2025
COST-00129,AST-0031,2024-05-16,Capital,5058.82,Operating Budget,WO-00118,FY2024
COST-00130,AST-0031,2024-08-16,Operational,2670.02,Reactive Maintenance Reserve,WO-00119,FY2025
COST-00131,AST-0031,2024-09-10,Capital,7898.72,Operating Budget,WO-00120,FY2025
COST-00132,AST-0031,2025-09-16,Operational,1554.15,Reactive Maintenance Reserve,WO-00121,FY2026
COST-00133,AST-0032,2023-01-17,Operational,2477.06,Reactive Maintenance Reserve,WO-00122,FY2023
COST-00134,AST-0032,2023-04-03,Operational,3937.08,Reactive Maintenance Reserve,WO-00123,FY2023
COST-00135,AST-0032,2023-08-09,Operational,1165.05,Operating Budget,WO-00124,FY2024
COST-00136,AST-0032,2023-10-02,Capital,4995.11,Reactive Maintenance Reserve,WO-00125,FY2024
COST-00137,AST-0032,2024-06-25,Operational,3443.75,Reactive Maintenance Reserve,WO-00126,FY2024
COST-00138,AST-0032,2024-08-08,Operational,1484.58,Operating Budget,WO-00127,FY2025
COST-00139,AST-0032,2025-01-19,Operational,2178.99,Operating Budget,WO-00128,FY2025
COST-00140,AST-0032,2025-01-19,Capital,4792.87,Operating Budget,WO-00129,FY2025
COST-00141,AST-0032,2025-04-05,Capital,4466.56,Operating Budget,WO-00130,FY2025
COST-00142,AST-0032,2025-06-01,Operational,2214.98,Reactive Maintenance Reserve,WO-00131,FY2025
COST-00143,AST-0032,2025-08-26,Capital Planned,30802.34,Renewal Program,,FY2026
COST-00144,AST-0033,2024-02-29,Capital,4985.56,Operating Budget,WO-00132,FY2024
COST-00145,AST-0033,2024-08-14,Operational,3013.34,Reactive Maintenance Reserve,WO-00133,FY2025
COST-00146,AST-0033,2024-10-11,Operational,1646.39,Reactive Maintenance Reserve,WO-00134,FY2025
COST-00147,AST-0033,2025-09-28,Operational,2079.37,Operating Budget,WO-00135,FY2026
COST-00148,AST-0033,2025-10-24,Capital Planned,101747.65,Renewal Program,,FY2026
COST-00149,AST-0034,2023-01-19,Operational,2335.27,Reactive Maintenance Reserve,WO-00136,FY2023
COST-00150,AST-0034,2023-03-18,Operational,2220.21,Operating Budget,WO-00137,FY2023
COST-00151,AST-0034,2024-08-15,Capital,3604.00,Operating Budget,WO-00138,FY2025
COST-00152,AST-0035,2023-08-31,Operational,1940.08,Operating Budget,WO-00139,FY2024
COST-00153,AST-0035,2025-08-11,Capital,3183.77,Operating Budget,WO-00140,FY2026
COST-00154,AST-0036,2023-07-06,Operational,1302.35,Operating Budget,WO-00141,FY2024
COST-00155,AST-0036,2024-02-25,Operational,2800.18,Reactive Maintenance Reserve,WO-00142,FY2024
COST-00156,AST-0036,2025-09-28,Capital,3599.55,Reactive Maintenance Reserve,WO-00143,FY2026
COST-00157,AST-0036,2025-07-31,Capital Planned,187385.86,Renewal Program,,FY2026
COST-00158,AST-0037,2023-11-14,Operational,3329.35,Reactive Maintenance Reserve,WO-00144,FY2024
COST-00159,AST-0037,2024-04-15,Operational,750.09,Operating Budget,WO-00145,FY2024
COST-00160,AST-0037,2024-05-21,Operational,2284.72,Operating Budget,WO-00146,FY2024
COST-00161,AST-0037,2024-07-18,Operational,1685.70,Operating Budget,WO-00147,FY2025
COST-00162,AST-0037,2024-12-09,Capital,4850.26,Operating Budget,WO-00148,FY2025
COST-00163,AST-0037,2025-02-15,Capital,2595.59,Operating Budget,WO-00149,FY2025
COST-00164,AST-0037,2025-08-01,Operational,2244.92,Operating Budget,WO-00150,FY2026
COST-00165,AST-0037,2025-12-24,Capital Planned,103264.28,Renewal Program,,FY2026
COST-00166,AST-0038,2023-03-22,Capital,4901.41,Operating Budget,WO-00151,FY2023
COST-00167,AST-0038,2023-05-30,Operational,3057.97,Operating Budget,WO-00152,FY2023
COST-00168,AST-0038,2024-01-21,Capital,7669.24,Operating Budget,WO-00153,FY2024
COST-00169,AST-0039,2023-11-09,Operational,2323.49,Operating Budget,WO-00154,FY2024
COST-00170,AST-0039,2024-02-06,Operational,2529.55,Operating Budget,WO-00155,FY2024
COST-00171,AST-0039,2024-08-27,Operational,933.64,Operating Budget,WO-00156,FY2025
COST-00172,AST-0040,2023-02-04,Capital,4435.49,Operating Budget,WO-00157,FY2023
COST-00173,AST-0040,2025-12-20,Operational,3034.60,Operating Budget,WO-00158,FY2026
COST-00174,AST-0041,2024-03-08,Operational,4307.91,Reactive Maintenance Reserve,WO-00159,FY2024
COST-00175,AST-0041,2024-04-15,Operational,3432.27,Reactive Maintenance Reserve,WO-00160,FY2024
COST-00176,AST-0041,2025-08-31,Operational,1207.76,Operating Budget,WO-00161,FY2026
COST-00177,AST-0042,2023-05-31,Operational,1531.89,Reactive Maintenance Reserve,WO-00162,FY2023
COST-00178,AST-0042,2023-06-18,Operational,1884.71,Operating Budget,WO-00163,FY2023
COST-00179,AST-0042,2023-11-12,Operational,1608.82,Reactive Maintenance Reserve,WO-00164,FY2024
COST-00180,AST-0042,2024-05-19,Operational,1526.98,Reactive Maintenance Reserve,WO-00165,FY2024
COST-00181,AST-0042,2024-07-02,Operational,2226.80,Reactive Maintenance Reserve,WO-00166,FY2025
COST-00182,AST-0042,2024-08-27,Operational,1402.11,Reactive Maintenance Reserve,WO-00167,FY2025
COST-00183,AST-0042,2025-12-01,Capital Planned,85437.73,Renewal Program,,FY2026
COST-00184,AST-0043,2023-02-25,Capital,3831.81,Reactive Maintenance Reserve,WO-00168,FY2023
COST-00185,AST-0043,2023-08-22,Capital,2830.64,Operating Budget,WO-00169,FY2024
COST-00186,AST-0043,2024-01-04,Operational,1631.22,Operating Budget,WO-00170,FY2024
COST-00187,AST-0043,2024-02-14,Operational,3380.45,Reactive Maintenance Reserve,WO-00171,FY2024
COST-00188,AST-0043,2024-07-28,Operational,2564.61,Operating Budget,WO-00172,FY2025
COST-00189,AST-0043,2025-01-17,Operational,3378.73,Reactive Maintenance Reserve,WO-00173,FY2025
COST-00190,AST-0043,2025-03-15,Operational,2913.45,Reactive Maintenance Reserve,WO-00174,FY2025
COST-00191,AST-0043,2025-08-03,Operational,1638.14,Operating Budget,WO-00175,FY2026
COST-00192,AST-0043,2025-08-13,Capital Planned,85838.46,Renewal Program,,FY2026
COST-00193,AST-0044,2023-03-01,Capital,5385.32,Operating Budget,WO-00176,FY2023
COST-00194,AST-0044,2024-01-17,Capital,4963.26,Reactive Maintenance Reserve,WO-00177,FY2024
COST-00195,AST-0044,2024-02-09,Capital,4206.39,Reactive Maintenance Reserve,WO-00178,FY2024
COST-00196,AST-0044,2025-03-21,Capital,4191.74,Operating Budget,WO-00179,FY2025
COST-00197,AST-0044,2025-06-04,Capital,5432.07,Reactive Maintenance Reserve,WO-00180,FY2025
COST-00198,AST-0044,2025-07-09,Operational,1065.11,Operating Budget,WO-00181,FY2026
COST-00199,AST-0044,2025-09-11,Capital Planned,77921.34,Renewal Program,,FY2026
COST-00200,AST-0045,2023-03-08,Operational,2740.75,Reactive Maintenance Reserve,WO-00182,FY2023
COST-00201,AST-0045,2024-03-27,Operational,3045.17,Reactive Maintenance Reserve,WO-00183,FY2024
COST-00202,AST-0045,2024-07-16,Capital,4625.82,Reactive Maintenance Reserve,WO-00184,FY2025
COST-00203,AST-0045,2024-08-21,Operational,1845.48,Operating Budget,WO-00185,FY2025
COST-00204,AST-0045,2025-10-30,Capital Planned,67860.52,Renewal Program,,FY2026
COST-00205,AST-0046,2024-10-21,Capital,5192.52,Operating Budget,WO-00186,FY2025
COST-00206,AST-0047,2023-09-25,Operational,787.01,Operating Budget,WO-00187,FY2024
COST-00207,AST-0047,2024-12-04,Operational,1564.42,Operating Budget,WO-00188,FY2025
COST-00208,AST-0047,2025-09-20,Operational,1197.54,Operating Budget,WO-00189,FY2026
COST-00209,AST-0048,2023-09-30,Operational,2208.27,Operating Budget,WO-00190,FY2024
COST-00210,AST-0048,2023-10-08,Operational,3475.93,Reactive Maintenance Reserve,WO-00191,FY2024
COST-00211,AST-0048,2024-09-04,Capital,5764.08,Reactive Maintenance Reserve,WO-00192,FY2025
COST-00212,AST-0048,2025-01-22,Operational,1763.52,Reactive Maintenance Reserve,WO-00193,FY2025
COST-00213,AST-0048,2025-02-22,Operational,1239.63,Operating Budget,WO-00194,FY2025
COST-00214,AST-0048,2025-10-14,Capital Planned,125691.42,Renewal Program,,FY2026
COST-00215,AST-0049,2024-08-09,Operational,2054.20,Operating Budget,WO-00195,FY2025
COST-00216,AST-0049,2025-04-30,Operational,2117.48,Operating Budget,WO-00196,FY2025
COST-00217,AST-0049,2025-10-23,Operational,3002.31,Reactive Maintenance Reserve,WO-00197,FY2026
COST-00218,AST-0050,2024-07-11,Operational,1683.33,Reactive Maintenance Reserve,WO-00198,FY2025
COST-00219,AST-0050,2025-12-08,Operational,1803.51,Operating Budget,WO-00199,FY2026
COST-00220,AST-0051,2023-05-22,Capital,5095.54,Reactive Maintenance Reserve,WO-00200,FY2023
COST-00221,AST-0051,2023-06-26,Operational,3484.67,Operating Budget,WO-00201,FY2023
COST-00222,AST-0051,2024-08-01,Operational,3153.48,Operating Budget,WO-00202,FY2025
COST-00223,AST-0051,2024-09-28,Operational,1544.92,Reactive Maintenance Reserve,WO-00203,FY2025
COST-00224,AST-0051,2024-11-01,Operational,3532.67,Operating Budget,WO-00204,FY2025
COST-00225,AST-0051,2025-08-10,Operational,2501.60,Reactive Maintenance Reserve,WO-00205,FY2026
COST-00226,AST-0051,2026-01-28,Capital Planned,343921.64,Renewal Program,,FY2026
COST-00227,AST-0052,2023-09-05,Operational,2001.84,Operating Budget,WO-00206,FY2024
COST-00228,AST-0052,2025-04-12,Operational,1424.72,Reactive Maintenance Reserve,WO-00207,FY2025
COST-00229,AST-0053,2023-03-29,Operational,3753.16,Operating Budget,WO-00208,FY2023
COST-00230,AST-0053,2023-07-08,Operational,2096.87,Operating Budget,WO-00209,FY2024
COST-00231,AST-0053,2023-09-08,Operational,1293.33,Operating Budget,WO-00210,FY2024
COST-00232,AST-0053,2023-09-21,Operational,2011.50,Operating Budget,WO-00211,FY2024
COST-00233,AST-0053,2024-11-10,Operational,1440.43,Operating Budget,WO-00212,FY2025
COST-00234,AST-0054,2024-05-08,Capital,7853.85,Operating Budget,WO-00213,FY2024
COST-00235,AST-0054,2024-06-29,Operational,2968.84,Operating Budget,WO-00214,FY2024
COST-00236,AST-0055,2023-10-30,Operational,3005.78,Operating Budget,WO-00215,FY2024
COST-00237,AST-0056,2024-10-13,Capital,8487.93,Operating Budget,WO-00216,FY2025
COST-00238,AST-0057,2023-11-30,Operational,1632.49,Operating Budget,WO-00217,FY2024
COST-00239,AST-0057,2024-04-06,Operational,2133.39,Reactive Maintenance Reserve,WO-00218,FY2024
COST-00240,AST-0058,2024-02-13,Operational,2785.78,Reactive Maintenance Reserve,WO-00219,FY2024
COST-00241,AST-0058,2024-08-26,Operational,2086.33,Reactive Maintenance Reserve,WO-00220,FY2025
COST-00242,AST-0058,2025-09-10,Operational,1426.75,Operating Budget,WO-00221,FY2026
COST-00243,AST-0058,2026-02-14,Capital Planned,146259.97,Renewal Program,,FY2026
COST-00244,AST-0059,2023-03-29,Operational,2812.52,Reactive Maintenance Reserve,WO-00222,FY2023
COST-00245,AST-0059,2023-09-04,Operational,1858.80,Operating Budget,WO-00223,FY2024
COST-00246,AST-0059,2023-09-16,Operational,1298.58,Reactive Maintenance Reserve,WO-00224,FY2024
COST-00247,AST-0059,2023-10-29,Operational,2350.10,Operating Budget,WO-00225,FY2024
COST-00248,AST-0059,2023-12-09,Operational,1591.74,Operating Budget,WO-00226,FY2024
COST-00249,AST-0059,2023-12-21,Capital,4915.17,Reactive Maintenance Reserve,WO-00227,FY2024
COST-00250,AST-0059,2024-01-30,Capital,7534.70,Reactive Maintenance Reserve,WO-00228,FY2024
COST-00251,AST-0059,2024-03-09,Operational,1399.26,Reactive Maintenance Reserve,WO-00229,FY2024
COST-00252,AST-0059,2025-05-17,Capital,6212.50,Operating Budget,WO-00230,FY2025
COST-00253,AST-0059,2025-07-08,Operational,2219.62,Operating Budget,WO-00231,FY2026
COST-00254,AST-0059,2025-10-05,Capital Planned,303001.48,Renewal Program,,FY2026
COST-00255,AST-0060,2024-05-10,Operational,1932.74,Operating Budget,WO-00232,FY2024
COST-00256,AST-0060,2025-02-01,Operational,2121.65,Operating Budget,WO-00233,FY2025
COST-00257,AST-0060,2025-09-28,Operational,2787.68,Operating Budget,WO-00234,FY2026
COST-00258,AST-0061,2023-08-10,Operational,1784.47,Operating Budget,WO-00235,FY2024
COST-00259,AST-0061,2024-08-01,Capital,6459.25,Operating Budget,WO-00236,FY2025
COST-00260,AST-0061,2024-09-03,Capital,4285.25,Operating Budget,WO-00237,FY2025
COST-00261,AST-0061,2025-02-05,Operational,1964.30,Reactive Maintenance Reserve,WO-00238,FY2025
COST-00262,AST-0062,2024-11-09,Operational,1978.79,Operating Budget,WO-00239,FY2025
COST-00263,AST-0062,2025-01-31,Capital,4754.43,Operating Budget,WO-00240,FY2025
COST-00264,AST-0062,2025-05-11,Operational,1686.85,Operating Budget,WO-00241,FY2025
COST-00265,AST-0063,2023-01-09,Capital,4720.85,Operating Budget,WO-00242,FY2023
COST-00266,AST-0063,2023-01-29,Capital,8313.04,Reactive Maintenance Reserve,WO-00243,FY2023
COST-00267,AST-0063,2023-02-06,Operational,3620.13,Reactive Maintenance Reserve,WO-00244,FY2023
COST-00268,AST-0063,2024-01-26,Operational,2960.99,Operating Budget,WO-00245,FY2024
COST-00269,AST-0063,2024-10-21,Operational,2032.01,Reactive Maintenance Reserve,WO-00246,FY2025
COST-00270,AST-0063,2025-02-03,Operational,1421.58,Operating Budget,WO-00247,FY2025
COST-00271,AST-0063,2025-07-25,Capital Planned,221272.57,Renewal Program,,FY2026
COST-00272,AST-0064,2023-01-06,Capital,4422.98,Reactive Maintenance Reserve,WO-00248,FY2023
COST-00273,AST-0064,2023-03-22,Capital,5626.76,Reactive Maintenance Reserve,WO-00249,FY2023
COST-00274,AST-0064,2023-11-25,Operational,1045.85,Operating Budget,WO-00250,FY2024
COST-00275,AST-0064,2024-03-01,Capital,3466.67,Reactive Maintenance Reserve,WO-00251,FY2024
COST-00276,AST-0064,2024-04-25,Capital,4401.65,Reactive Maintenance Reserve,WO-00252,FY2024
COST-00277,AST-0064,2024-08-27,Operational,3501.30,Reactive Maintenance Reserve,WO-00253,FY2025
COST-00278,AST-0064,2024-11-08,Operational,1448.36,Operating Budget,WO-00254,FY2025
COST-00279,AST-0064,2025-09-11,Operational,2076.07,Reactive Maintenance Reserve,WO-00255,FY2026
COST-00280,AST-0064,2025-10-13,Capital,5428.93,Reactive Maintenance Reserve,WO-00256,FY2026
COST-00281,AST-0064,2026-03-05,Capital Planned,351293.63,Renewal Program,,FY2026
COST-00282,AST-0065,2023-04-22,Operational,2380.24,Reactive Maintenance Reserve,WO-00257,FY2023
COST-00283,AST-0065,2023-11-01,Operational,3532.74,Operating Budget,WO-00258,FY2024
COST-00284,AST-0065,2025-02-27,Operational,2231.91,Operating Budget,WO-00259,FY2025
COST-00285,AST-0066,2023-07-19,Operational,2173.83,Operating Budget,WO-00260,FY2024
COST-00286,AST-0066,2023-08-22,Capital,9337.69,Operating Budget,WO-00261,FY2024
COST-00287,AST-0066,2025-01-14,Capital,5981.36,Operating Budget,WO-00262,FY2025
COST-00288,AST-0066,2025-07-15,Operational,2543.90,Reactive Maintenance Reserve,WO-00263,FY2026
COST-00289,AST-0067,2024-05-23,Capital,5018.80,Reactive Maintenance Reserve,WO-00264,FY2024
COST-00290,AST-0067,2024-07-14,Operational,2231.76,Operating Budget,WO-00265,FY2025
COST-00291,AST-0067,2024-08-25,Operational,4850.31,Reactive Maintenance Reserve,WO-00266,FY2025
COST-00292,AST-0067,2024-12-03,Capital,8321.57,Operating Budget,WO-00267,FY2025
COST-00293,AST-0067,2025-02-26,Capital,7628.40,Operating Budget,WO-00268,FY2025
COST-00294,AST-0067,2025-03-25,Operational,1941.92,Operating Budget,WO-00269,FY2025
COST-00295,AST-0067,2025-05-07,Capital,4603.54,Reactive Maintenance Reserve,WO-00270,FY2025
COST-00296,AST-0067,2025-07-16,Operational,3606.77,Reactive Maintenance Reserve,WO-00271,FY2026
COST-00297,AST-0067,2025-10-13,Capital Planned,425314.84,Renewal Program,,FY2026
COST-00298,AST-0068,2023-06-02,Operational,1565.31,Operating Budget,WO-00272,FY2023
COST-00299,AST-0068,2023-09-02,Operational,1416.74,Operating Budget,WO-00273,FY2024
COST-00300,AST-0068,2023-12-22,Capital,8086.53,Operating Budget,WO-00274,FY2024
COST-00301,AST-0068,2023-12-30,Operational,2038.86,Operating Budget,WO-00275,FY2024
COST-00302,AST-0068,2024-01-18,Operational,1990.80,Reactive Maintenance Reserve,WO-00276,FY2024
COST-00303,AST-0068,2025-11-18,Operational,1606.13,Operating Budget,WO-00277,FY2026
COST-00304,AST-0069,2023-03-31,Operational,2651.81,Reactive Maintenance Reserve,WO-00278,FY2023
COST-00305,AST-0069,2023-06-18,Operational,1538.76,Operating Budget,WO-00279,FY2023
COST-00306,AST-0069,2023-07-16,Operational,2450.64,Operating Budget,WO-00280,FY2024
COST-00307,AST-0069,2024-01-30,Operational,968.95,Reactive Maintenance Reserve,WO-00281,FY2024
COST-00308,AST-0069,2024-08-30,Capital,8185.58,Operating Budget,WO-00282,FY2025
COST-00309,AST-0069,2024-10-18,Operational,1213.84,Operating Budget,WO-00283,FY2025
COST-00310,AST-0069,2025-07-01,Capital,3820.43,Operating Budget,WO-00284,FY2026
COST-00311,AST-0069,2025-09-23,Operational,2971.81,Operating Budget,WO-00285,FY2026
COST-00312,AST-0069,2025-11-18,Operational,1955.45,Reactive Maintenance Reserve,WO-00286,FY2026
COST-00313,AST-0069,2025-07-16,Capital Planned,345020.31,Renewal Program,,FY2026
COST-00314,AST-0070,2023-04-22,Operational,1818.62,Operating Budget,WO-00287,FY2023
COST-00315,AST-0070,2023-08-23,Operational,1622.16,Operating Budget,WO-00288,FY2024
COST-00316,AST-0070,2024-01-07,Operational,1981.86,Reactive Maintenance Reserve,WO-00289,FY2024
COST-00317,AST-0070,2024-02-02,Capital,4220.26,Operating Budget,WO-00290,FY2024
COST-00318,AST-0070,2024-06-01,Operational,2234.12,Reactive Maintenance Reserve,WO-00291,FY2024
COST-00319,AST-0070,2025-08-02,Capital,3306.45,Operating Budget,WO-00292,FY2026
COST-00320,AST-0071,2023-11-01,Capital,10757.15,Operating Budget,WO-00293,FY2024
COST-00321,AST-0071,2024-04-02,Operational,3882.83,Operating Budget,WO-00294,FY2024
COST-00322,AST-0071,2025-01-19,Capital,4740.03,Operating Budget,WO-00295,FY2025
COST-00323,AST-0071,2025-03-14,Operational,6752.97,Reactive Maintenance Reserve,WO-00296,FY2025
COST-00324,AST-0072,2024-12-07,Capital,8598.73,Operating Budget,WO-00297,FY2025
COST-00325,AST-0072,2024-12-23,Operational,3383.36,Reactive Maintenance Reserve,WO-00298,FY2025
COST-00326,AST-0072,2025-04-11,Operational,3610.98,Operating Budget,WO-00299,FY2025
COST-00327,AST-0072,2025-09-24,Operational,2994.47,Operating Budget,WO-00300,FY2026
COST-00328,AST-0073,2023-05-21,Operational,2827.62,Operating Budget,WO-00301,FY2023
COST-00329,AST-0073,2023-12-10,Operational,4642.50,Operating Budget,WO-00302,FY2024
COST-00330,AST-0073,2024-04-15,Operational,3868.62,Operating Budget,WO-00303,FY2024
COST-00331,AST-0073,2024-06-25,Capital,11811.72,Operating Budget,WO-00304,FY2024
COST-00332,AST-0073,2024-12-02,Operational,4784.71,Operating Budget,WO-00305,FY2025
COST-00333,AST-0073,2025-07-17,Operational,5079.31,Operating Budget,WO-00306,FY2026
COST-00334,AST-0073,2025-11-12,Capital,8413.06,Operating Budget,WO-00307,FY2026
COST-00335,AST-0073,2025-08-12,Capital Planned,730762.78,Renewal Program,,FY2026
COST-00336,AST-0074,2023-10-10,Capital,12266.38,Operating Budget,WO-00308,FY2024
COST-00337,AST-0074,2024-06-03,Operational,5038.88,Operating Budget,WO-00309,FY2024
COST-00338,AST-0074,2024-09-20,Capital,9552.71,Operating Budget,WO-00310,FY2025
COST-00339,AST-0074,2024-12-06,Operational,5204.46,Reactive Maintenance Reserve,WO-00311,FY2025
COST-00340,AST-0074,2025-03-26,Operational,4230.01,Reactive Maintenance Reserve,WO-00312,FY2025
COST-00341,AST-0074,2025-09-17,Operational,5160.45,Operating Budget,WO-00313,FY2026
COST-00342,AST-0075,2024-08-05,Operational,4617.63,Operating Budget,WO-00314,FY2025
COST-00343,AST-0075,2024-12-12,Operational,2352.52,Operating Budget,WO-00315,FY2025
COST-00344,AST-0075,2024-12-13,Operational,8794.48,Reactive Maintenance Reserve,WO-00316,FY2025
COST-00345,AST-0076,2023-06-05,Operational,3718.99,Operating Budget,WO-00317,FY2023
COST-00346,AST-0076,2024-01-01,Operational,2469.09,Operating Budget,WO-00318,FY2024
COST-00347,AST-0076,2024-12-01,Operational,5855.98,Operating Budget,WO-00319,FY2025
COST-00348,AST-0076,2025-09-02,Operational,5332.52,Operating Budget,WO-00320,FY2026
COST-00349,AST-0077,2023-01-18,Operational,4326.42,Operating Budget,WO-00321,FY2023
COST-00350,AST-0077,2023-01-25,Operational,6170.71,Operating Budget,WO-00322,FY2023
COST-00351,AST-0077,2024-03-07,Operational,5245.99,Operating Budget,WO-00323,FY2024
COST-00352,AST-0077,2024-10-08,Operational,4721.87,Operating Budget,WO-00324,FY2025
COST-00353,AST-0077,2025-02-16,Capital,10253.61,Operating Budget,WO-00325,FY2025
COST-00354,AST-0077,2025-07-31,Operational,2346.01,Operating Budget,WO-00326,FY2026
COST-00355,AST-0078,2024-10-27,Operational,3786.05,Operating Budget,WO-00327,FY2025
COST-00356,AST-0078,2024-12-28,Capital,13102.14,Operating Budget,WO-00328,FY2025
COST-00357,AST-0079,2023-05-11,Operational,2104.48,Operating Budget,WO-00329,FY2023
COST-00358,AST-0080,2023-07-03,Operational,2731.99,Operating Budget,WO-00330,FY2024
COST-00359,AST-0080,2024-04-10,Operational,4243.44,Operating Budget,WO-00331,FY2024
COST-00360,AST-0080,2024-09-22,Operational,2235.03,Operating Budget,WO-00332,FY2025
COST-00361,AST-0080,2024-09-26,Operational,4545.93,Operating Budget,WO-00333,FY2025
COST-00362,AST-0080,2024-12-12,Operational,5333.95,Operating Budget,WO-00334,FY2025
COST-00363,AST-0080,2025-01-19,Operational,3825.59,Operating Budget,WO-00335,FY2025
COST-00364,AST-0080,2025-06-09,Capital,11013.76,Operating Budget,WO-00336,FY2025
COST-00365,AST-0080,2025-06-23,Operational,2350.78,Operating Budget,WO-00337,FY2025
COST-00366,AST-0080,2025-09-13,Operational,4323.03,Reactive Maintenance Reserve,WO-00338,FY2026
COST-00367,AST-0080,2025-12-08,Operational,6800.29,Reactive Maintenance Reserve,WO-00339,FY2026
COST-00368,AST-0080,2025-11-15,Capital Planned,1484899.19,Renewal Program,,FY2026
COST-00369,AST-0081,2023-03-10,Operational,4705.56,Operating Budget,WO-00340,FY2023
COST-00370,AST-0081,2023-07-12,Operational,3769.20,Reactive Maintenance Reserve,WO-00341,FY2024
COST-00371,AST-0081,2024-02-12,Operational,2754.48,Operating Budget,WO-00342,FY2024
COST-00372,AST-0081,2025-08-01,Operational,5280.90,Operating Budget,WO-00343,FY2026
COST-00373,AST-0082,2023-03-22,Capital,6848.41,Operating Budget,WO-00344,FY2023
COST-00374,AST-0082,2024-05-28,Capital,10470.06,Operating Budget,WO-00345,FY2024
COST-00375,AST-0082,2025-06-15,Operational,3411.23,Operating Budget,WO-00346,FY2025
COST-00376,AST-0082,2025-09-20,Operational,5321.26,Operating Budget,WO-00347,FY2026
COST-00377,AST-0082,2025-07-10,Capital Planned,2981043.57,Renewal Program,,FY2026
COST-00378,AST-0083,2023-04-11,Operational,4008.81,Reactive Maintenance Reserve,WO-00348,FY2023
COST-00379,AST-0083,2023-05-26,Operational,2386.74,Operating Budget,WO-00349,FY2023
COST-00380,AST-0083,2024-03-28,Operational,1812.34,Operating Budget,WO-00350,FY2024
COST-00381,AST-0083,2024-06-08,Operational,3077.78,Operating Budget,WO-00351,FY2024
COST-00382,AST-0083,2025-01-20,Operational,1573.02,Reactive Maintenance Reserve,WO-00352,FY2025
COST-00383,AST-0083,2025-12-12,Operational,2616.68,Operating Budget,WO-00353,FY2026
COST-00384,AST-0084,2025-01-07,Operational,1282.57,Operating Budget,WO-00354,FY2025
COST-00385,AST-0084,2025-07-05,Operational,1188.27,Operating Budget,WO-00355,FY2026
COST-00386,AST-0084,2025-07-15,Capital,6618.78,Operating Budget,WO-00356,FY2026
COST-00387,AST-0085,2023-01-24,Operational,1742.54,Reactive Maintenance Reserve,WO-00357,FY2023
COST-00388,AST-0085,2023-09-04,Operational,2959.04,Reactive Maintenance Reserve,WO-00358,FY2024
COST-00389,AST-0085,2024-04-09,Operational,1883.92,Reactive Maintenance Reserve,WO-00359,FY2024
COST-00390,AST-0085,2025-02-22,Operational,1778.11,Operating Budget,WO-00360,FY2025
COST-00391,AST-0085,2025-05-03,Capital,3571.32,Reactive Maintenance Reserve,WO-00361,FY2025
COST-00392,AST-0085,2025-06-08,Operational,1565.48,Reactive Maintenance Reserve,WO-00362,FY2025
COST-00393,AST-0085,2025-08-15,Capital Planned,13836.59,Renewal Program,,FY2026
COST-00394,AST-0086,2023-02-16,Capital,7444.68,Operating Budget,WO-00363,FY2023
COST-00395,AST-0086,2024-02-22,Operational,1497.32,Reactive Maintenance Reserve,WO-00364,FY2024
COST-00396,AST-0086,2024-03-04,Operational,3161.37,Operating Budget,WO-00365,FY2024
COST-00397,AST-0086,2024-03-09,Operational,1535.67,Reactive Maintenance Reserve,WO-00366,FY2024
COST-00398,AST-0086,2024-11-10,Capital,7914.95,Operating Budget,WO-00367,FY2025
COST-00399,AST-0086,2025-08-22,Capital,3968.76,Reactive Maintenance Reserve,WO-00368,FY2026
COST-00400,AST-0086,2025-12-07,Capital,5001.74,Reactive Maintenance Reserve,WO-00369,FY2026
COST-00401,AST-0086,2026-01-18,Capital Planned,41944.52,Renewal Program,,FY2026
COST-00402,AST-0087,2024-11-05,Operational,1550.83,Operating Budget,WO-00370,FY2025
COST-00403,AST-0087,2025-07-08,Operational,2688.49,Operating Budget,WO-00371,FY2026
COST-00404,AST-0088,2023-06-12,Operational,1711.26,Operating Budget,WO-00372,FY2023
COST-00405,AST-0088,2025-01-05,Operational,1590.16,Operating Budget,WO-00373,FY2025
COST-00406,AST-0089,2024-05-18,Capital,5008.73,Reactive Maintenance Reserve,WO-00374,FY2024
COST-00407,AST-0089,2025-03-21,Operational,2095.43,Reactive Maintenance Reserve,WO-00375,FY2025
COST-00408,AST-0089,2025-11-28,Operational,2063.51,Operating Budget,WO-00376,FY2026
COST-00409,AST-0089,2026-03-14,Capital Planned,63612.79,Renewal Program,,FY2026
COST-00410,AST-0090,2023-10-24,Operational,2796.40,Reactive Maintenance Reserve,WO-00377,FY2024
COST-00411,AST-0090,2023-11-29,Capital,5857.85,Operating Budget,WO-00378,FY2024
COST-00412,AST-0091,2023-06-29,Operational,2172.02,Reactive Maintenance Reserve,WO-00379,FY2023
COST-00413,AST-0091,2024-11-09,Capital,8014.90,Operating Budget,WO-00380,FY2025
COST-00414,AST-0092,2023-09-23,Capital,3762.76,Reactive Maintenance Reserve,WO-00381,FY2024
COST-00415,AST-0092,2024-01-04,Capital,3740.02,Reactive Maintenance Reserve,WO-00382,FY2024
COST-00416,AST-0092,2024-04-21,Operational,2421.09,Reactive Maintenance Reserve,WO-00383,FY2024
COST-00417,AST-0092,2024-08-17,Capital,2645.65,Operating Budget,WO-00384,FY2025
COST-00418,AST-0092,2024-12-25,Operational,2901.33,Reactive Maintenance Reserve,WO-00385,FY2025
COST-00419,AST-0092,2025-10-05,Operational,2497.17,Reactive Maintenance Reserve,WO-00386,FY2026
COST-00420,AST-0092,2025-10-13,Operational,3454.18,Operating Budget,WO-00387,FY2026
COST-00421,AST-0092,2025-10-16,Operational,1744.75,Reactive Maintenance Reserve,WO-00388,FY2026
COST-00422,AST-0092,2025-11-30,Operational,1421.41,Operating Budget,WO-00389,FY2026
COST-00423,AST-0092,2026-01-09,Capital Planned,28970.22,Renewal Program,,FY2026
COST-00424,AST-0093,2025-09-17,Operational,2419.83,Operating Budget,WO-00390,FY2026
COST-00425,AST-0093,2025-12-08,Capital,3891.80,Operating Budget,WO-00391,FY2026
COST-00426,AST-0094,2023-10-17,Capital,4483.70,Operating Budget,WO-00392,FY2024
COST-00427,AST-0094,2024-02-28,Operational,1706.87,Reactive Maintenance Reserve,WO-00393,FY2024
COST-00428,AST-0094,2024-07-09,Capital,3870.84,Reactive Maintenance Reserve,WO-00394,FY2025
COST-00429,AST-0094,2024-10-14,Capital,4162.72,Operating Budget,WO-00395,FY2025
COST-00430,AST-0094,2024-12-18,Operational,3309.42,Reactive Maintenance Reserve,WO-00396,FY2025
COST-00431,AST-0094,2026-02-25,Capital Planned,11701.00,Renewal Program,,FY2026
COST-00432,AST-0095,2025-03-31,Operational,1270.09,Operating Budget,WO-00397,FY2025
COST-00433,AST-0095,2025-04-26,Capital,4803.83,Operating Budget,WO-00398,FY2025
COST-00434,AST-0095,2025-08-02,Capital,2195.00,Operating Budget,WO-00399,FY2026
COST-00435,AST-0096,2024-02-05,Capital,7309.06,Operating Budget,WO-00400,FY2024
COST-00436,AST-0096,2024-02-26,Operational,1038.39,Operating Budget,WO-00401,FY2024
COST-00437,AST-0096,2024-10-10,Operational,3157.06,Reactive Maintenance Reserve,WO-00402,FY2025
COST-00438,AST-0096,2025-07-04,Operational,2648.61,Reactive Maintenance Reserve,WO-00403,FY2026
COST-00439,AST-0097,2024-01-04,Capital,2953.21,Reactive Maintenance Reserve,WO-00404,FY2024
COST-00440,AST-0097,2024-01-16,Operational,4090.80,Reactive Maintenance Reserve,WO-00405,FY2024
COST-00441,AST-0097,2024-04-07,Operational,3908.80,Reactive Maintenance Reserve,WO-00406,FY2024
COST-00442,AST-0097,2024-12-28,Operational,729.22,Operating Budget,WO-00407,FY2025
COST-00443,AST-0097,2025-02-26,Operational,2858.56,Reactive Maintenance Reserve,WO-00408,FY2025
COST-00444,AST-0097,2025-05-18,Operational,2020.02,Reactive Maintenance Reserve,WO-00409,FY2025
COST-00445,AST-0097,2025-07-10,Operational,1947.54,Reactive Maintenance Reserve,WO-00410,FY2026
COST-00446,AST-0097,2025-07-19,Operational,1932.42,Operating Budget,WO-00411,FY2026
COST-00447,AST-0097,2025-11-09,Capital,3984.01,Reactive Maintenance Reserve,WO-00412,FY2026
COST-00448,AST-0097,2025-11-21,Capital Planned,63187.48,Renewal Program,,FY2026
COST-00449,AST-0098,2023-04-22,Operational,1377.66,Operating Budget,WO-00413,FY2023
COST-00450,AST-0098,2024-06-25,Capital,3936.55,Operating Budget,WO-00414,FY2024
COST-00451,AST-0098,2024-12-07,Operational,1967.52,Reactive Maintenance Reserve,WO-00415,FY2025
COST-00452,AST-0099,2023-08-01,Operational,1025.95,Reactive Maintenance Reserve,WO-00416,FY2024
COST-00453,AST-0099,2025-07-02,Operational,2661.90,Operating Budget,WO-00417,FY2026
COST-00454,AST-0099,2025-12-11,Operational,3349.59,Reactive Maintenance Reserve,WO-00418,FY2026
COST-00455,AST-0099,2025-11-28,Capital Planned,25588.99,Renewal Program,,FY2026
COST-00456,AST-0100,2023-08-06,Operational,3252.75,Reactive Maintenance Reserve,WO-00419,FY2024
COST-00457,AST-0100,2024-06-14,Operational,3566.87,Reactive Maintenance Reserve,WO-00420,FY2024
COST-00458,AST-0100,2025-06-23,Operational,2121.73,Operating Budget,WO-00421,FY2025
COST-00459,AST-0101,2024-01-27,Capital,9368.72,Operating Budget,WO-00422,FY2024
COST-00460,AST-0101,2024-09-04,Operational,2349.17,Operating Budget,WO-00423,FY2025
COST-00461,AST-0101,2025-03-09,Operational,1997.31,Operating Budget,WO-00424,FY2025
COST-00462,AST-0102,2023-05-11,Operational,5641.59,Reactive Maintenance Reserve,WO-00425,FY2023
COST-00463,AST-0102,2023-08-06,Capital,10101.07,Operating Budget,WO-00426,FY2024
COST-00464,AST-0102,2023-12-16,Operational,5676.23,Operating Budget,WO-00427,FY2024
COST-00465,AST-0103,2024-05-04,Capital,6829.68,Operating Budget,WO-00428,FY2024
COST-00466,AST-0103,2025-04-23,Operational,5046.98,Operating Budget,WO-00429,FY2025
COST-00467,AST-0103,2025-07-11,Operational,4477.82,Reactive Maintenance Reserve,WO-00430,FY2026
COST-00468,AST-0103,2025-12-07,Capital,7374.54,Operating Budget,WO-00431,FY2026
COST-00469,AST-0103,2025-11-19,Capital Planned,340375.57,Renewal Program,,FY2026
COST-00470,AST-0104,2023-08-14,Operational,3164.02,Reactive Maintenance Reserve,WO-00432,FY2024
COST-00471,AST-0104,2024-04-16,Capital,8158.63,Reactive Maintenance Reserve,WO-00433,FY2024
COST-00472,AST-0104,2024-10-29,Operational,4622.71,Operating Budget,WO-00434,FY2025
COST-00473,AST-0104,2024-10-29,Operational,4826.44,Reactive Maintenance Reserve,WO-00435,FY2025
COST-00474,AST-0104,2026-02-20,Capital Planned,1800169.60,Renewal Program,,FY2026
COST-00475,AST-0105,2023-03-10,Capital,5199.82,Operating Budget,WO-00436,FY2023
COST-00476,AST-0105,2023-03-24,Operational,1875.40,Operating Budget,WO-00437,FY2023
COST-00477,AST-0105,2023-04-01,Capital,8338.09,Reactive Maintenance Reserve,WO-00438,FY2023
COST-00478,AST-0105,2025-05-21,Operational,4303.85,Operating Budget,WO-00439,FY2025
COST-00479,AST-0105,2025-08-21,Operational,6420.59,Reactive Maintenance Reserve,WO-00440,FY2026
COST-00480,AST-0105,2025-10-29,Operational,4371.96,Reactive Maintenance Reserve,WO-00441,FY2026
COST-00481,AST-0105,2025-10-15,Capital Planned,1871902.64,Renewal Program,,FY2026
COST-00482,AST-0106,2023-04-22,Operational,5466.63,Reactive Maintenance Reserve,WO-00442,FY2023
COST-00483,AST-0106,2024-07-01,Capital,9149.23,Operating Budget,WO-00443,FY2025
COST-00484,AST-0106,2024-07-21,Capital,7544.09,Operating Budget,WO-00444,FY2025
COST-00485,AST-0106,2025-05-16,Operational,3184.45,Operating Budget,WO-00445,FY2025
COST-00486,AST-0106,2025-10-28,Operational,2526.00,Operating Budget,WO-00446,FY2026
COST-00487,AST-0106,2025-10-13,Capital Planned,2150571.53,Renewal Program,,FY2026
COST-00488,AST-0107,2024-04-09,Operational,3980.13,Operating Budget,WO-00447,FY2024
COST-00489,AST-0107,2025-01-31,Operational,4736.48,Operating Budget,WO-00448,FY2025
COST-00490,AST-0107,2025-09-18,Capital,7767.29,Operating Budget,WO-00449,FY2026
COST-00491,AST-0107,2025-12-10,Capital Planned,2328557.14,Renewal Program,,FY2026
COST-00492,AST-0108,2023-03-24,Capital,5781.58,Reactive Maintenance Reserve,WO-00450,FY2023
COST-00493,AST-0108,2023-08-19,Capital,3195.17,Reactive Maintenance Reserve,WO-00451,FY2024
COST-00494,AST-0108,2023-10-13,Operational,2041.31,Operating Budget,WO-00452,FY2024
COST-00495,AST-0108,2024-11-24,Capital,6924.91,Operating Budget,WO-00453,FY2025
COST-00496,AST-0108,2025-06-24,Capital,5987.67,Reactive Maintenance Reserve,WO-00454,FY2025
COST-00497,AST-0108,2025-09-07,Operational,2573.97,Operating Budget,WO-00455,FY2026
COST-00498,AST-0108,2026-02-14,Capital Planned,975642.43,Renewal Program,,FY2026
COST-00499,AST-0109,2023-10-08,Operational,3951.16,Operating Budget,WO-00456,FY2024
COST-00500,AST-0109,2024-01-16,Capital,9328.45,Operating Budget,WO-00457,FY2024
COST-00501,AST-0109,2024-02-13,Operational,4134.78,Reactive Maintenance Reserve,WO-00458,FY2024
COST-00502,AST-0110,2023-04-10,Capital,8203.35,Operating Budget,WO-00459,FY2023
COST-00503,AST-0110,2024-12-30,Operational,4718.42,Operating Budget,WO-00460,FY2025
COST-00504,AST-0111,2023-02-05,Operational,3484.61,Operating Budget,WO-00461,FY2023
COST-00505,AST-0112,2023-07-17,Operational,5816.17,Operating Budget,WO-00462,FY2024
COST-00506,AST-0112,2023-09-11,Operational,6265.60,Reactive Maintenance Reserve,WO-00463,FY2024
COST-00507,AST-0113,2023-08-20,Operational,5328.43,Reactive Maintenance Reserve,WO-00464,FY2024
COST-00508,AST-0113,2024-10-05,Operational,3069.35,Operating Budget,WO-00465,FY2025
COST-00509,AST-0114,2024-02-12,Operational,2771.76,Operating Budget,WO-00466,FY2024
COST-00510,AST-0114,2024-11-24,Capital,10854.39,Operating Budget,WO-00467,FY2025
