work_order_id,asset_id,work_date,maintenance_type,priority,planned_unplanned,status,labor_hours,contractor_used,defect_category
WO-00001,AST-0001,2023-07-18,Defect Rectification,High,Unplanned,Completed,13.9,No,Surface rutting
WO-00002,AST-0001,2025-02-17,Emergency Repair,Urgent,Unplanned,Completed,8.9,No,Surface rutting
WO-00003,AST-0002,2023-05-16,Defect Rectification,Urgent,Unplanned,Completed,16.5,Yes,Shoulder failure
WO-00004,AST-0002,2023-10-20,Emergency Repair,Urgent,Unplanned,Completed,12.5,No,Pavement cracking
WO-00005,AST-0002,2024-03-08,Emergency Repair,Urgent,Unplanned,Completed,15.8,No,Surface rutting
WO-00006,AST-0002,2024-03-11,Defect Rectification,High,Unplanned,Completed,13.2,No,Pavement cracking
WO-00007,AST-0002,2024-07-02,Defect Rectification,High,Unplanned,Completed,7.4,No,Pavement cracking
WO-00008,AST-0002,2024-10-06,Routine Servicing,High,Planned,Completed,14.4,No,Surface rutting
WO-00009,AST-0002,2025-03-21,Minor Renewal,High,Planned,Completed,14.6,No,Pavement cracking
WO-00010,AST-0002,2025-07-28,Reactive Repair,Urgent,Unplanned,Completed,10.3,No,Pavement cracking
WO-00011,AST-0002,2025-10-19,Routine Servicing,Low,Planned,Completed,3.9,No,Surface rutting
WO-00012,AST-0003,2023-03-06,Preventive Maintenance,High,Planned,Completed,6.6,No,Surface rutting
WO-00013,AST-0004,2023-01-31,Preventive Maintenance,Low,Planned,Completed,9.1,No,Shoulder failure
WO-00014,AST-0004,2023-04-14,Preventive Maintenance,Low,Planned,Completed,8.7,No,Shoulder failure
WO-00015,AST-0004,2023-07-11,Routine Servicing,Medium,Planned,Completed,9.3,No,Surface rutting
WO-00016,AST-0004,2023-07-20,Minor Renewal,Medium,Planned,Completed,6.4,No,Shoulder failure
WO-00017,AST-0005,2023-09-26,Routine Servicing,Medium,Planned,Completed,7.7,No,Pavement cracking
WO-00018,AST-0005,2025-03-21,Minor Renewal,Low,Planned,Completed,4.9,No,Pavement cracking
WO-00019,AST-0006,2025-05-17,Emergency Repair,Urgent,Unplanned,Completed,9.6,No,Pavement cracking
WO-00020,AST-0007,2024-01-03,Routine Servicing,High,Planned,Completed,16.0,No,Pavement cracking
WO-00021,AST-0007,2024-11-11,Preventive Maintenance,Medium,Planned,Completed,16.1,Yes,Shoulder failure
WO-00022,AST-0008,2023-08-25,Minor Renewal,Medium,Planned,Completed,3.6,No,Surface rutting
WO-00023,AST-0008,2024-01-25,Minor Renewal,High,Planned,Completed,7.1,No,Shoulder failure
WO-00024,AST-0008,2025-02-27,Routine Servicing,High,Planned,Completed,7.7,No,Pavement cracking
WO-00025,AST-0008,2025-11-13,Routine Servicing,High,Planned,Completed,9.1,No,Shoulder failure
WO-00026,AST-0009,2023-02-20,Preventive Maintenance,Medium,Planned,Completed,9.2,No,Surface rutting
WO-00027,AST-0009,2023-04-05,Routine Servicing,Medium,Planned,Completed,9.0,No,Pavement cracking
WO-00028,AST-0009,2023-10-29,Reactive Repair,Urgent,Unplanned,Completed,6.3,No,Surface rutting
WO-00029,AST-0009,2024-02-12,Reactive Repair,High,Unplanned,Completed,9.8,No,Shoulder failure
WO-00030,AST-0009,2024-04-05,Minor Renewal,Medium,Planned,Completed,20.7,Yes,Shoulder failure
WO-00031,AST-0009,2024-05-16,Minor Renewal,Medium,Planned,Completed,18.6,Yes,Surface rutting
WO-00032,AST-0009,2025-08-31,Defect Rectification,Urgent,Unplanned,Completed,6.9,No,Pavement cracking
WO-00033,AST-0010,2024-03-27,Routine Servicing,Medium,Planned,Completed,10.3,No,Shoulder failure
WO-00034,AST-0010,2025-03-09,Routine Servicing,High,Planned,Completed,5.5,No,Shoulder failure
WO-00035,AST-0010,2025-05-08,Minor Renewal,Low,Planned,Completed,19.9,Yes,Surface rutting
WO-00036,AST-0011,2023-09-16,Preventive Maintenance,High,Planned,Completed,17.2,Yes,Shoulder failure
WO-00037,AST-0012,2023-01-26,Routine Servicing,Low,Planned,Completed,14.0,No,Surface rutting
WO-00038,AST-0012,2023-08-05,Minor Renewal,Medium,Planned,Completed,12.0,No,Surface rutting
WO-00039,AST-0012,2025-01-11,Reactive Repair,High,Unplanned,Completed,7.2,No,Shoulder failure
WO-00040,AST-0012,2025-05-10,Minor Renewal,High,Planned,Completed,10.4,No,Pavement cracking
WO-00041,AST-0012,2025-06-06,Defect Rectification,High,Unplanned,Completed,8.3,No,Shoulder failure
WO-00042,AST-0012,2025-07-30,Minor Renewal,Medium,Planned,Completed,13.6,No,Surface rutting
WO-00043,AST-0012,2025-09-30,Defect Rectification,Urgent,Unplanned,Completed,11.3,No,Pavement cracking
WO-00044,AST-0013,2023-07-25,Routine Servicing,Low,Planned,Completed,13.6,No,Pavement cracking
WO-00045,AST-0013,2024-02-02,Minor Renewal,Medium,Planned,Completed,16.2,Yes,Pavement cracking
WO-00046,AST-0013,2024-04-10,Preventive Maintenance,Low,Planned,Completed,11.6,No,Shoulder failure
WO-00047,AST-0013,2024-08-29,Preventive Maintenance,Medium,Planned,Completed,17.1,Yes,Shoulder failure
WO-00048,AST-0014,2023-06-16,Minor Renewal,Low,Planned,Completed,6.4,No,Shoulder failure
WO-00049,AST-0014,2023-11-18,Routine Servicing,Low,Planned,Completed,6.5,No,Surface rutting
WO-00050,AST-0014,2024-06-25,Preventive Maintenance,High,Planned,Completed,6.5,No,Shoulder failure
WO-00051,AST-0015,2023-02-12,Minor Renewal,Medium,Planned,Completed,14.0,No,Pavement cracking
WO-00052,AST-0016,2023-04-16,Reactive Repair,Urgent,Unplanned,Completed,9.6,No,Surface rutting
WO-00053,AST-0016,2023-04-22,Reactive Repair,High,Unplanned,Completed,7.7,No,Pavement cracking
WO-00054,AST-0016,2024-01-20,Reactive Repair,Urgent,Unplanned,Completed,17.2,Yes,Surface rutting
WO-00055,AST-0016,2025-01-10,Minor Renewal,Medium,Planned,Completed,12.8,No,Shoulder failure
WO-00056,AST-0016,2025-06-24,Routine Servicing,Low,Planned,Completed,9.9,No,Pavement cracking
WO-00057,AST-0016,2025-10-17,Minor Renewal,High,Planned,Completed,19.4,Yes,Pavement cracking
WO-00058,AST-0016,2025-11-27,Routine Servicing,Medium,Planned,Completed,17.0,Yes,Surface rutting
WO-00059,AST-0017,2023-07-24,Preventive Maintenance,High,Planned,Completed,5.2,No,Surface rutting
WO-00060,AST-0017,2025-12-13,Defect Rectification,High,Unplanned,Completed,12.3,No,Shoulder failure
WO-00061,AST-0018,2023-06-11,Routine Servicing,High,Planned,Completed,13.2,No,Shoulder failure
WO-00062,AST-0019,2023-04-11,Routine Servicing,Low,Planned,Completed,12.1,No,Shoulder failure
WO-00063,AST-0019,2025-10-14,Routine Servicing,High,Planned,Completed,14.3,No,Surface rutting
WO-00064,AST-0020,2023-07-04,Emergency Repair,Urgent,Unplanned,Completed,13.3,No,Shoulder failure
WO-00065,AST-0020,2025-01-19,Routine Servicing,High,Planned,Completed,17.1,Yes,Pavement cracking
WO-00066,AST-0020,2025-03-24,Minor Renewal,Medium,Planned,Completed,20.1,Yes,Pavement cracking
WO-00067,AST-0021,2023-05-05,Reactive Repair,High,Unplanned,Completed,3.8,No,Shoulder failure
WO-00068,AST-0021,2023-09-08,Reactive Repair,High,Unplanned,Completed,15.4,No,Surface rutting
WO-00069,AST-0021,2024-01-24,Reactive Repair,Urgent,Unplanned,Completed,14.6,No,Surface rutting
WO-00070,AST-0021,2024-07-19,Preventive Maintenance,Low,Planned,Completed,11.1,No,Pavement cracking
WO-00071,AST-0021,2025-01-04,Preventive Maintenance,Low,Planned,Completed,8.4,No,Pavement cracking
WO-00072,AST-0021,2025-03-26,Defect Rectification,High,Unplanned,Completed,4.9,No,Shoulder failure
WO-00073,AST-0021,2025-07-20,Routine Servicing,Medium,Planned,Completed,14.7,No,Surface rutting
WO-00074,AST-0022,2024-04-12,Emergency Repair,Urgent,Unplanned,Completed,11.3,No,Surface rutting
WO-00075,AST-0022,2024-11-25,Routine Servicing,Low,Planned,Completed,4.4,No,Pavement cracking
WO-00076,AST-0022,2025-03-27,Reactive Repair,High,Unplanned,Completed,11.8,No,Surface rutting
WO-00077,AST-0022,2025-04-27,Minor Renewal,Medium,Planned,Completed,19.2,Yes,Surface rutting
WO-00078,AST-0022,2025-05-30,Reactive Repair,High,Unplanned,Completed,5.3,No,Shoulder failure
WO-00079,AST-0022,2025-07-13,Defect Rectification,High,Unplanned,Completed,14.4,No,Surface rutting
WO-00080,AST-0022,2025-07-17,Reactive Repair,Urgent,Unplanned,Completed,3.4,No,Shoulder failure
WO-00081,AST-0023,2023-08-16,Preventive Maintenance,Medium,Planned,Completed,17.8,Yes,Pavement cracking
WO-00082,AST-0023,2024-08-03,Emergency Repair,Urgent,Unplanned,Completed,6.1,No,Shoulder failure
WO-00083,AST-0023,2024-12-07,Defect Rectification,High,Unplanned,Completed,4.9,No,Surface rutting
WO-00084,AST-0023,2025-05-30,Defect Rectification,High,Unplanned,Completed,9.0,No,Surface rutting
WO-00085,AST-0023,2025-09-23,Defect Rectification,Urgent,Unplanned,Completed,11.6,No,Surface rutting
WO-00086,AST-0024,2023-06-04,Minor Renewal,Medium,Planned,Completed,15.9,No,Surface rutting
WO-00087,AST-0024,2023-11-10,Minor Renewal,Medium,Planned,Completed,6.3,No,Pavement cracking
WO-00088,AST-0024,2023-12-22,Minor Renewal,Low,Planned,Completed,9.9,No,Pavement cracking
WO-00089,AST-0024,2023-12-29,Emergency Repair,Urgent,Unplanned,Completed,18.6,Yes,Pavement cracking
WO-00090,AST-0024,2025-10-08,Emergency Repair,Urgent,Unplanned,Completed,14.3,No,Shoulder failure
WO-00091,AST-0025,2023-11-04,Reactive Repair,High,Unplanned,Completed,7.7,No,Surface rutting
WO-00092,AST-0025,2024-05-31,Minor Renewal,High,Planned,Completed,20.5,Yes,Shoulder failure
WO-00093,AST-0025,2024-08-04,Routine Servicing,Low,Planned,Completed,13.1,No,Surface rutting
WO-00094,AST-0025,2024-11-13,Preventive Maintenance,High,Planned,Completed,13.1,No,Surface rutting
WO-00095,AST-0025,2025-03-02,Preventive Maintenance,Low,Planned,Completed,8.1,No,Shoulder failure
WO-00096,AST-0026,2024-02-02,Minor Renewal,Low,Planned,Completed,19.3,Yes,Pavement cracking
WO-00097,AST-0026,2024-07-31,Preventive Maintenance,High,Planned,Completed,15.7,No,Pavement cracking
WO-00098,AST-0026,2025-01-23,Minor Renewal,Low,Planned,Completed,18.6,Yes,Pavement cracking
WO-00099,AST-0026,2025-02-21,Defect Rectification,High,Unplanned,Completed,9.2,No,Shoulder failure
WO-00100,AST-0026,2025-05-07,Defect Rectification,High,Unplanned,Completed,3.4,No,Pavement cracking
WO-00101,AST-0026,2025-06-21,Preventive Maintenance,Low,Planned,Completed,7.3,No,Shoulder failure
WO-00102,AST-0026,2025-08-03,Defect Rectification,High,Unplanned,Completed,16.6,Yes,Pavement cracking
WO-00103,AST-0026,2025-10-26,Minor Renewal,High,Planned,Completed,13.1,No,Pavement cracking
WO-00104,AST-0026,2025-12-16,Emergency Repair,Urgent,Unplanned,Completed,7.9,No,Surface rutting
WO-00105,AST-0027,2023-08-01,Defect Rectification,High,Unplanned,Completed,15.2,No,Pavement cracking
WO-00106,AST-0027,2024-11-11,Minor Renewal,Medium,Planned,Completed,15.0,No,Pavement cracking
WO-00107,AST-0028,2023-06-19,Preventive Maintenance,Medium,Planned,Completed,12.0,No,Pavement cracking
WO-00108,AST-0028,2024-06-30,Preventive Maintenance,Medium,Planned,Completed,12.9,No,Shoulder failure
WO-00109,AST-0028,2025-01-22,Preventive Maintenance,High,Planned,Completed,9.7,No,Shoulder failure
WO-00110,AST-0028,2025-10-15,Routine Servicing,High,Planned,Completed,18.0,Yes,Shoulder failure
WO-00111,AST-0028,2025-11-29,Preventive Maintenance,Low,Planned,Completed,13.1,No,Shoulder failure
WO-00112,AST-0029,2023-08-30,Minor Renewal,Medium,Planned,Completed,7.5,No,Tree root uplift
WO-00113,AST-0029,2024-06-20,Routine Servicing,Low,Planned,Completed,4.8,No,Trip hazard
WO-00114,AST-0029,2025-03-03,Routine Servicing,Low,Planned,Completed,15.2,No,Concrete cracking
WO-00115,AST-0030,2023-06-01,Minor Renewal,High,Planned,Completed,9.8,No,Tree root uplift
WO-00116,AST-0030,2023-09-14,Reactive Repair,High,Unplanned,Completed,10.5,No,Trip hazard
WO-00117,AST-0030,2024-10-11,Routine Servicing,Low,Planned,Completed,5.4,No,Tree root uplift
WO-00118,AST-0031,2024-05-16,Minor Renewal,Medium,Planned,Completed,9.0,No,Trip hazard
WO-00119,AST-0031,2024-08-16,Defect Rectification,High,Unplanned,Completed,10.0,No,Concrete cracking
WO-00120,AST-0031,2024-09-10,Minor Renewal,Medium,Planned,Completed,16.8,Yes,Concrete cracking
WO-00121,AST-0031,2025-09-16,Defect Rectification,Medium,Unplanned,Completed,7.8,No,Concrete cracking
WO-00122,AST-0032,2023-01-17,Reactive Repair,Urgent,Unplanned,Completed,11.3,No,Trip hazard
WO-00123,AST-0032,2023-04-03,Reactive Repair,High,Unplanned,Completed,17.6,Yes,Concrete cracking
WO-00124,AST-0032,2023-08-09,Routine Servicing,Low,Planned,Completed,6.0,No,Tree root uplift
WO-00125,AST-0032,2023-10-02,Emergency Repair,Urgent,Unplanned,Completed,16.4,Yes,Concrete cracking
WO-00126,AST-0032,2024-06-25,Reactive Repair,Urgent,Unplanned,Completed,17.0,Yes,Concrete cracking
WO-00127,AST-0032,2024-08-08,Routine Servicing,High,Planned,Completed,8.0,No,Tree root uplift
WO-00128,AST-0032,2025-01-19,Preventive Maintenance,Medium,Planned,Completed,8.0,No,Trip hazard
WO-00129,AST-0032,2025-01-19,Minor Renewal,High,Planned,Completed,14.9,No,Tree root uplift
WO-00130,AST-0032,2025-04-05,Minor Renewal,High,Planned,Completed,7.7,No,Trip hazard
WO-00131,AST-0032,2025-06-01,Defect Rectification,High,Unplanned,Completed,15.3,No,Trip hazard
WO-00132,AST-0033,2024-02-29,Minor Renewal,Medium,Planned,Completed,8.8,No,Tree root uplift
WO-00133,AST-0033,2024-08-14,Defect Rectification,High,Unplanned,Completed,7.4,No,Concrete cracking
WO-00134,AST-0033,2024-10-11,Defect Rectification,Urgent,Unplanned,Completed,6.2,No,Tree root uplift
WO-00135,AST-0033,2025-09-28,Preventive Maintenance,High,Planned,Completed,14.1,No,Trip hazard
WO-00136,AST-0034,2023-01-19,Reactive Repair,Urgent,Unplanned,Completed,7.3,No,Tree root uplift
WO-00137,AST-0034,2023-03-18,Preventive Maintenance,High,Planned,Completed,10.0,No,Trip hazard
WO-00138,AST-0034,2024-08-15,Minor Renewal,Medium,Planned,Completed,15.3,No,Tree root uplift
WO-00139,AST-0035,2023-08-31,Routine Servicing,High,Planned,Completed,10.5,No,Tree root uplift
WO-00140,AST-0035,2025-08-11,Minor Renewal,Medium,Planned,Completed,10.2,No,Trip hazard
WO-00141,AST-0036,2023-07-06,Preventive Maintenance,Medium,Planned,Completed,5.0,No,Concrete cracking
WO-00142,AST-0036,2024-02-25,Defect Rectification,High,Unplanned,Completed,8.9,No,Trip hazard
WO-00143,AST-0036,2025-09-28,Emergency Repair,Urgent,Unplanned,Completed,9.8,No,Trip hazard
WO-00144,AST-0037,2023-11-14,Reactive Repair,High,Unplanned,Completed,15.1,No,Concrete cracking
WO-00145,AST-0037,2024-04-15,Preventive Maintenance,Low,Planned,Completed,4.0,No,Tree root uplift
WO-00146,AST-0037,2024-05-21,Preventive Maintenance,Low,Planned,Completed,14.1,No,Concrete cracking
WO-00147,AST-0037,2024-07-18,Preventive Maintenance,Low,Planned,Completed,10.6,No,Concrete cracking
WO-00148,AST-0037,2024-12-09,Minor Renewal,High,Planned,Completed,17.5,Yes,Concrete cracking
WO-00149,AST-0037,2025-02-15,Minor Renewal,Low,Planned,Completed,11.0,No,Concrete cracking
WO-00150,AST-0037,2025-08-01,Preventive Maintenance,High,Planned,Completed,13.2,No,Tree root uplift
WO-00151,AST-0038,2023-03-22,Minor Renewal,High,Planned,Completed,15.7,No,Trip hazard
WO-00152,AST-0038,2023-05-30,Routine Servicing,Medium,Planned,Completed,17.4,Yes,Trip hazard
WO-00153,AST-0038,2024-01-21,Minor Renewal,Low,Planned,Completed,17.0,Yes,Concrete cracking
WO-00154,AST-0039,2023-11-09,Routine Servicing,High,Planned,Completed,15.5,No,Concrete cracking
WO-00155,AST-0039,2024-02-06,Routine Servicing,Medium,Planned,Completed,14.5,No,Concrete cracking
WO-00156,AST-0039,2024-08-27,Routine Servicing,Medium,Planned,Completed,5.5,No,Concrete cracking
WO-00157,AST-0040,2023-02-04,Minor Renewal,Medium,Planned,Completed,3.9,No,Tree root uplift
WO-00158,AST-0040,2025-12-20,Preventive Maintenance,Low,Planned,Completed,16.8,Yes,Tree root uplift
WO-00159,AST-0041,2024-03-08,Reactive Repair,High,Unplanned,Completed,16.5,Yes,Tree root uplift
WO-00160,AST-0041,2024-04-15,Defect Rectification,Medium,Unplanned,Completed,17.4,Yes,Tree root uplift
WO-00161,AST-0041,2025-08-31,Routine Servicing,Low,Planned,Completed,7.5,No,Tree root uplift
WO-00162,AST-0042,2023-05-31,Reactive Repair,Urgent,Unplanned,Completed,7.8,No,Trip hazard
WO-00163,AST-0042,2023-06-18,Routine Servicing,Medium,Planned,Completed,14.4,No,Trip hazard
WO-00164,AST-0042,2023-11-12,Defect Rectification,Urgent,Unplanned,Completed,4.5,No,Trip hazard
WO-00165,AST-0042,2024-05-19,Defect Rectification,Urgent,Unplanned,Completed,3.2,No,Concrete cracking
WO-00166,AST-0042,2024-07-02,Reactive Repair,High,Unplanned,Completed,13.3,No,Trip hazard
WO-00167,AST-0042,2024-08-27,Defect Rectification,High,Unplanned,Completed,3.9,No,Concrete cracking
WO-00168,AST-0043,2023-02-25,Emergency Repair,Urgent,Unplanned,Completed,18.0,Yes,Tree root uplift
WO-00169,AST-0043,2023-08-22,Minor Renewal,Medium,Planned,Completed,6.1,No,Concrete cracking
WO-00170,AST-0043,2024-01-04,Routine Servicing,Low,Planned,Completed,9.7,No,Tree root uplift
WO-00171,AST-0043,2024-02-14,Defect Rectification,High,Unplanned,Completed,14.9,No,Concrete cracking
WO-00172,AST-0043,2024-07-28,Preventive Maintenance,Low,Planned,Completed,14.5,No,Tree root uplift
WO-00173,AST-0043,2025-01-17,Defect Rectification,Urgent,Unplanned,Completed,17.5,Yes,Concrete cracking
WO-00174,AST-0043,2025-03-15,Reactive Repair,Urgent,Unplanned,Completed,8.6,No,Concrete cracking
WO-00175,AST-0043,2025-08-03,Routine Servicing,Low,Planned,Completed,10.2,No,Concrete cracking
WO-00176,AST-0044,2023-03-01,Minor Renewal,Low,Planned,Completed,7.3,No,Tree root uplift
WO-00177,AST-0044,2024-01-17,Emergency Repair,Urgent,Unplanned,Completed,19.3,Yes,Trip hazard
WO-00178,AST-0044,2024-02-09,Emergency Repair,Urgent,Unplanned,Completed,15.7,No,Concrete cracking
WO-00179,AST-0044,2025-03-21,Minor Renewal,Medium,Planned,Completed,14.2,No,Concrete cracking
WO-00180,AST-0044,2025-06-04,Emergency Repair,Urgent,Unplanned,Completed,15.7,No,Concrete cracking
WO-00181,AST-0044,2025-07-09,Routine Servicing,Low,Planned,Completed,6.6,No,Trip hazard
WO-00182,AST-0045,2023-03-08,Defect Rectification,Urgent,Unplanned,Completed,11.2,No,Trip hazard
WO-00183,AST-0045,2024-03-27,Defect Rectification,High,Unplanned,Completed,14.4,No,Concrete cracking
WO-00184,AST-0045,2024-07-16,Emergency Repair,Urgent,Unplanned,Completed,18.5,Yes,Trip hazard
WO-00185,AST-0045,2024-08-21,Routine Servicing,Low,Planned,Completed,9.6,No,Trip hazard
WO-00186,AST-0046,2024-10-21,Minor Renewal,Medium,Planned,Completed,12.4,No,Tree root uplift
WO-00187,AST-0047,2023-09-25,Preventive Maintenance,Low,Planned,Completed,4.5,No,Concrete cracking
WO-00188,AST-0047,2024-12-04,Preventive Maintenance,Medium,Planned,Completed,9.8,No,Concrete cracking
WO-00189,AST-0047,2025-09-20,Preventive Maintenance,High,Planned,Completed,7.5,No,Concrete cracking
WO-00190,AST-0048,2023-09-30,Preventive Maintenance,High,Planned,Completed,11.4,No,Tree root uplift
WO-00191,AST-0048,2023-10-08,Reactive Repair,Urgent,Unplanned,Completed,12.2,No,Concrete cracking
WO-00192,AST-0048,2024-09-04,Emergency Repair,Urgent,Unplanned,Completed,17.1,Yes,Tree root uplift
WO-00193,AST-0048,2025-01-22,Reactive Repair,High,Unplanned,Completed,7.2,No,Trip hazard
WO-00194,AST-0048,2025-02-22,Routine Servicing,High,Planned,Completed,3.4,No,Tree root uplift
WO-00195,AST-0049,2024-08-09,Routine Servicing,Low,Planned,Completed,12.6,No,Tree root uplift
WO-00196,AST-0049,2025-04-30,Routine Servicing,Low,Planned,Completed,10.7,No,Trip hazard
WO-00197,AST-0049,2025-10-23,Defect Rectification,High,Unplanned,Completed,11.8,No,Tree root uplift
WO-00198,AST-0050,2024-07-11,Reactive Repair,High,Unplanned,Completed,9.8,No,Concrete cracking
WO-00199,AST-0050,2025-12-08,Preventive Maintenance,Medium,Planned,Completed,5.4,No,Trip hazard
WO-00200,AST-0051,2023-05-22,Emergency Repair,Urgent,Unplanned,Completed,7.2,No,Inlet damage
WO-00201,AST-0051,2023-06-26,Routine Servicing,High,Planned,Completed,17.6,Yes,Blockage
WO-00202,AST-0051,2024-08-01,Preventive Maintenance,Low,Planned,Completed,17.0,Yes,Blockage
WO-00203,AST-0051,2024-09-28,Reactive Repair,Urgent,Unplanned,Completed,3.0,No,Inlet damage
WO-00204,AST-0051,2024-11-01,Preventive Maintenance,High,Planned,Completed,17.7,Yes,Pipe settlement
WO-00205,AST-0051,2025-08-10,Defect Rectification,High,Unplanned,Completed,3.7,No,Blockage
WO-00206,AST-0052,2023-09-05,Preventive Maintenance,Medium,Planned,Completed,7.6,No,Pipe settlement
WO-00207,AST-0052,2025-04-12,Defect Rectification,Medium,Unplanned,Completed,6.2,No,Pipe settlement
WO-00208,AST-0053,2023-03-29,Preventive Maintenance,Low,Planned,Completed,16.9,Yes,Pipe settlement
WO-00209,AST-0053,2023-07-08,Preventive Maintenance,Medium,Planned,Completed,13.2,No,Blockage
WO-00210,AST-0053,2023-09-08,Routine Servicing,Medium,Planned,Completed,9.7,No,Blockage
WO-00211,AST-0053,2023-09-21,Preventive Maintenance,High,Planned,Completed,7.4,No,Pipe settlement
WO-00212,AST-0053,2024-11-10,Preventive Maintenance,Medium,Planned,Completed,8.7,No,Pipe settlement
WO-00213,AST-0054,2024-05-08,Minor Renewal,Low,Planned,Completed,17.4,Yes,Blockage
WO-00214,AST-0054,2024-06-29,Routine Servicing,Medium,Planned,Completed,17.0,Yes,Blockage
WO-00215,AST-0055,2023-10-30,Preventive Maintenance,Low,Planned,Completed,15.7,No,Pipe settlement
WO-00216,AST-0056,2024-10-13,Minor Renewal,Low,Planned,Completed,15.1,No,Blockage
WO-00217,AST-0057,2023-11-30,Preventive Maintenance,Medium,Planned,Completed,3.3,No,Pipe settlement
WO-00218,AST-0057,2024-04-06,Reactive Repair,High,Unplanned,Completed,5.4,No,Blockage
WO-00219,AST-0058,2024-02-13,Reactive Repair,High,Unplanned,Completed,12.6,No,Blockage
WO-00220,AST-0058,2024-08-26,Defect Rectification,Urgent,Unplanned,Completed,10.3,No,Inlet damage
WO-00221,AST-0058,2025-09-10,Routine Servicing,Low,Planned,Completed,8.6,No,Pipe settlement
WO-00222,AST-0059,2023-03-29,Reactive Repair,High,Unplanned,Completed,15.5,No,Pipe settlement
WO-00223,AST-0059,2023-09-04,Preventive Maintenance,Medium,Planned,Completed,11.3,No,Inlet damage
WO-00224,AST-0059,2023-09-16,Reactive Repair,Urgent,Unplanned,Completed,4.7,No,Blockage
WO-00225,AST-0059,2023-10-29,Preventive Maintenance,Low,Planned,Completed,11.4,No,Blockage
WO-00226,AST-0059,2023-12-09,Routine Servicing,Medium,Planned,Completed,8.7,No,Pipe settlement
WO-00227,AST-0059,2023-12-21,Emergency Repair,Urgent,Unplanned,Completed,10.9,No,Inlet damage
WO-00228,AST-0059,2024-01-30,Emergency Repair,Urgent,Unplanned,Completed,19.6,Yes,Pipe settlement
WO-00229,AST-0059,2024-03-09,Defect Rectification,Urgent,Unplanned,Completed,3.3,No,Pipe settlement
WO-00230,AST-0059,2025-05-17,Minor Renewal,Low,Planned,Completed,21.1,Yes,Blockage
WO-00231,AST-0059,2025-07-08,Routine Servicing,Medium,Planned,Completed,13.9,No,Inlet damage
WO-00232,AST-0060,2024-05-10,Preventive Maintenance,Medium,Planned,Completed,11.8,No,Pipe settlement
WO-00233,AST-0060,2025-02-01,Routine Servicing,High,Planned,Completed,15.5,No,Blockage
WO-00234,AST-0060,2025-09-28,Preventive Maintenance,High,Planned,Completed,14.7,No,Blockage
WO-00235,AST-0061,2023-08-10,Routine Servicing,Medium,Planned,Completed,12.6,No,Pipe settlement
WO-00236,AST-0061,2024-08-01,Minor Renewal,Medium,Planned,Completed,7.0,No,Inlet damage
WO-00237,AST-0061,2024-09-03,Minor Renewal,Medium,Planned,Completed,15.5,No,Inlet damage
WO-00238,AST-0061,2025-02-05,Defect Rectification,High,Unplanned,Completed,6.9,No,Pipe settlement
WO-00239,AST-0062,2024-11-09,Routine Servicing,Medium,Planned,Completed,15.8,No,Pipe settlement
WO-00240,AST-0062,2025-01-31,Minor Renewal,High,Planned,Completed,4.9,No,Blockage
WO-00241,AST-0062,2025-05-11,Routine Servicing,High,Planned,Completed,7.5,No,Blockage
WO-00242,AST-0063,2023-01-09,Minor Renewal,Medium,Planned,Completed,9.2,No,Blockage
WO-00243,AST-0063,2023-01-29,Emergency Repair,Urgent,Unplanned,Completed,18.4,Yes,Pipe settlement
WO-00244,AST-0063,2023-02-06,Defect Rectification,Urgent,Unplanned,Completed,16.3,Yes,Blockage
WO-00245,AST-0063,2024-01-26,Preventive Maintenance,Low,Planned,Completed,17.2,Yes,Pipe settlement
WO-00246,AST-0063,2024-10-21,Reactive Repair,High,Unplanned,Completed,11.8,No,Blockage
WO-00247,AST-0063,2025-02-03,Routine Servicing,High,Planned,Completed,6.8,No,Inlet damage
WO-00248,AST-0064,2023-01-06,Emergency Repair,Urgent,Unplanned,Completed,5.6,No,Inlet damage
WO-00249,AST-0064,2023-03-22,Emergency Repair,Urgent,Unplanned,Completed,12.8,No,Inlet damage
WO-00250,AST-0064,2023-11-25,Routine Servicing,Medium,Planned,Completed,7.0,No,Blockage
WO-00251,AST-0064,2024-03-01,Emergency Repair,Urgent,Unplanned,Completed,8.8,No,Inlet damage
WO-00252,AST-0064,2024-04-25,Emergency Repair,Urgent,Unplanned,Completed,17.2,Yes,Blockage
WO-00253,AST-0064,2024-08-27,Defect Rectification,Urgent,Unplanned,Completed,16.4,Yes,Inlet damage
WO-00254,AST-0064,2024-11-08,Routine Servicing,Low,Planned,Completed,4.7,No,Pipe settlement
WO-00255,AST-0064,2025-09-11,Defect Rectification,Urgent,Unplanned,Completed,12.7,No,Blockage
WO-00256,AST-0064,2025-10-13,Emergency Repair,Urgent,Unplanned,Completed,20.6,Yes,Blockage
WO-00257,AST-0065,2023-04-22,Reactive Repair,High,Unplanned,Completed,15.8,No,Blockage
WO-00258,AST-0065,2023-11-01,Preventive Maintenance,Medium,Planned,Completed,17.6,Yes,Blockage
WO-00259,AST-0065,2025-02-27,Routine Servicing,Medium,Planned,Completed,15.3,No,Blockage
WO-00260,AST-0066,2023-07-19,Preventive Maintenance,Low,Planned,Completed,8.1,No,Inlet damage
WO-00261,AST-0066,2023-08-22,Minor Renewal,Medium,Planned,Completed,16.2,Yes,Blockage
WO-00262,AST-0066,2025-01-14,Minor Renewal,High,Planned,Completed,16.6,Yes,Blockage
WO-00263,AST-0066,2025-07-15,Reactive Repair,High,Unplanned,Completed,6.2,No,Blockage
WO-00264,AST-0067,2024-05-23,Emergency Repair,Urgent,Unplanned,Completed,14.4,No,Inlet damage
WO-00265,AST-0067,2024-07-14,Routine Servicing,High,Planned,Completed,14.1,No,Inlet damage
WO-00266,AST-0067,2024-08-25,Defect Rectification,Urgent,Unplanned,Completed,16.8,Yes,Blockage
WO-00267,AST-0067,2024-12-03,Minor Renewal,High,Planned,Completed,16.1,Yes,Pipe settlement
WO-00268,AST-0067,2025-02-26,Minor Renewal,High,Planned,Completed,20.6,Yes,Inlet damage
WO-00269,AST-0067,2025-03-25,Routine Servicing,Medium,Planned,Completed,15.1,No,Inlet damage
WO-00270,AST-0067,2025-05-07,Emergency Repair,Urgent,Unplanned,Completed,4.6,No,Pipe settlement
WO-00271,AST-0067,2025-07-16,Defect Rectification,High,Unplanned,Completed,15.6,No,Inlet damage
WO-00272,AST-0068,2023-06-02,Routine Servicing,Medium,Planned,Completed,11.3,No,Blockage
WO-00273,AST-0068,2023-09-02,Preventive Maintenance,Medium,Planned,Completed,10.0,No,Blockage
WO-00274,AST-0068,2023-12-22,Minor Renewal,Low,Planned,Completed,17.5,Yes,Inlet damage
WO-00275,AST-0068,2023-12-30,Routine Servicing,High,Planned,Completed,11.3,No,Blockage
WO-00276,AST-0068,2024-01-18,Reactive Repair,High,Unplanned,Completed,10.8,No,Inlet damage
WO-00277,AST-0068,2025-11-18,Routine Servicing,Low,Planned,Completed,8.2,No,Blockage
WO-00278,AST-0069,2023-03-31,Reactive Repair,High,Unplanned,Completed,6.2,No,Inlet damage
WO-00279,AST-0069,2023-06-18,Routine Servicing,Low,Planned,Completed,6.1,No,Inlet damage
WO-00280,AST-0069,2023-07-16,Routine Servicing,High,Planned,Completed,15.3,No,Blockage
WO-00281,AST-0069,2024-01-30,Defect Rectification,Urgent,Unplanned,Completed,3.6,No,Blockage
WO-00282,AST-0069,2024-08-30,Minor Renewal,Low,Planned,Completed,13.9,No,Blockage
WO-00283,AST-0069,2024-10-18,Routine Servicing,High,Planned,Completed,9.1,No,Pipe settlement
WO-00284,AST-0069,2025-07-01,Minor Renewal,Low,Planned,Completed,15.1,No,Inlet damage
WO-00285,AST-0069,2025-09-23,Preventive Maintenance,High,Planned,Completed,15.7,No,Pipe settlement
WO-00286,AST-0069,2025-11-18,Defect Rectification,High,Unplanned,Completed,7.2,No,Pipe settlement
WO-00287,AST-0070,2023-04-22,Preventive Maintenance,Medium,Planned,Completed,13.1,No,Pipe settlement
WO-00288,AST-0070,2023-08-23,Routine Servicing,Medium,Planned,Completed,8.4,No,Inlet damage
WO-00289,AST-0070,2024-01-07,Reactive Repair,High,Unplanned,Completed,7.8,No,Pipe settlement
WO-00290,AST-0070,2024-02-02,Minor Renewal,High,Planned,Completed,6.3,No,Inlet damage
WO-00291,AST-0070,2024-06-01,Defect Rectification,High,Unplanned,Completed,3.1,No,Blockage
WO-00292,AST-0070,2025-08-02,Minor Renewal,Medium,Planned,Completed,8.6,No,Pipe settlement
WO-00293,AST-0071,2023-11-01,Minor Renewal,High,Planned,Completed,24.7,Yes,Expansion joint wear
WO-00294,AST-0071,2024-04-02,Routine Servicing,Medium,Planned,Completed,13.7,Yes,Guardrail damage
WO-00295,AST-0071,2025-01-19,Minor Renewal,High,Planned,Completed,8.6,Yes,Guardrail damage
WO-00296,AST-0071,2025-03-14,Reactive Repair,High,Unplanned,Completed,22.2,Yes,Expansion joint wear
WO-00297,AST-0072,2024-12-07,Minor Renewal,Low,Planned,Completed,16.4,Yes,Expansion joint wear
WO-00298,AST-0072,2024-12-23,Defect Rectification,Medium,Unplanned,Completed,6.8,Yes,Expansion joint wear
WO-00299,AST-0072,2025-04-11,Preventive Maintenance,High,Planned,Completed,8.4,Yes,Concrete spalling
WO-00300,AST-0072,2025-09-24,Routine Servicing,Medium,Planned,Completed,8.0,Yes,Expansion joint wear
WO-00301,AST-0073,2023-05-21,Preventive Maintenance,Low,Planned,Completed,4.2,Yes,Guardrail damage
WO-00302,AST-0073,2023-12-10,Routine Servicing,Low,Planned,Completed,15.7,Yes,Expansion joint wear
WO-00303,AST-0073,2024-04-15,Preventive Maintenance,High,Planned,Completed,13.7,Yes,Expansion joint wear
WO-00304,AST-0073,2024-06-25,Minor Renewal,High,Planned,Completed,24.0,Yes,Guardrail damage
WO-00305,AST-0073,2024-12-02,Routine Servicing,Low,Planned,Completed,17.5,Yes,Concrete spalling
WO-00306,AST-0073,2025-07-17,Routine Servicing,Medium,Planned,Completed,15.4,Yes,Guardrail damage
WO-00307,AST-0073,2025-11-12,Minor Renewal,Low,Planned,Completed,14.6,Yes,Concrete spalling
WO-00308,AST-0074,2023-10-10,Minor Renewal,Low,Planned,Completed,22.2,Yes,Concrete spalling
WO-00309,AST-0074,2024-06-03,Preventive Maintenance,Low,Planned,Completed,13.8,Yes,Concrete spalling
WO-00310,AST-0074,2024-09-20,Minor Renewal,High,Planned,Completed,5.9,Yes,Concrete spalling
WO-00311,AST-0074,2024-12-06,Reactive Repair,Medium,Unplanned,Completed,13.1,Yes,Guardrail damage
WO-00312,AST-0074,2025-03-26,Reactive Repair,High,Unplanned,Completed,5.5,Yes,Expansion joint wear
WO-00313,AST-0074,2025-09-17,Routine Servicing,High,Planned,Completed,16.7,Yes,Concrete spalling
WO-00314,AST-0075,2024-08-05,Routine Servicing,Low,Planned,Completed,15.7,Yes,Expansion joint wear
WO-00315,AST-0075,2024-12-12,Preventive Maintenance,Medium,Planned,Completed,7.3,Yes,Guardrail damage
WO-00316,AST-0075,2024-12-13,Defect Rectification,High,Unplanned,Completed,22.4,Yes,Guardrail damage
WO-00317,AST-0076,2023-06-05,Preventive Maintenance,High,Planned,Completed,9.1,Yes,Guardrail damage
WO-00318,AST-0076,2024-01-01,Routine Servicing,High,Planned,Completed,7.8,Yes,Guardrail damage
WO-00319,AST-0076,2024-12-01,Preventive Maintenance,Low,Planned,Completed,20.2,Yes,Guardrail damage
WO-00320,AST-0076,2025-09-02,Preventive Maintenance,Low,Planned,Completed,17.1,Yes,Guardrail damage
WO-00321,AST-0077,2023-01-18,Routine Servicing,Medium,Planned,Completed,15.8,Yes,Concrete spalling
WO-00322,AST-0077,2023-01-25,Routine Servicing,Medium,Planned,Completed,22.6,Yes,Concrete spalling
WO-00323,AST-0077,2024-03-07,Preventive Maintenance,Medium,Planned,Completed,17.6,Yes,Concrete spalling
WO-00324,AST-0077,2024-10-08,Routine Servicing,Low,Planned,Completed,15.0,Yes,Guardrail damage
WO-00325,AST-0077,2025-02-16,Minor Renewal,Medium,Planned,Completed,23.5,Yes,Guardrail damage
WO-00326,AST-0077,2025-07-31,Preventive Maintenance,High,Planned,Completed,6.8,Yes,Expansion joint wear
WO-00327,AST-0078,2024-10-27,Routine Servicing,High,Planned,Completed,12.6,Yes,Expansion joint wear
WO-00328,AST-0078,2024-12-28,Minor Renewal,Low,Planned,Completed,25.0,Yes,Guardrail damage
WO-00329,AST-0079,2023-05-11,Routine Servicing,High,Planned,Completed,4.9,Yes,Concrete spalling
WO-00330,AST-0080,2023-07-03,Preventive Maintenance,Medium,Planned,Completed,4.1,Yes,Guardrail damage
WO-00331,AST-0080,2024-04-10,Routine Servicing,Medium,Planned,Completed,13.0,Yes,Expansion joint wear
WO-00332,AST-0080,2024-09-22,Routine Servicing,Medium,Planned,Completed,4.1,Yes,Concrete spalling
WO-00333,AST-0080,2024-09-26,Preventive Maintenance,High,Planned,Completed,11.2,Yes,Concrete spalling
WO-00334,AST-0080,2024-12-12,Preventive Maintenance,Low,Planned,Completed,17.8,Yes,Guardrail damage
WO-00335,AST-0080,2025-01-19,Routine Servicing,Low,Planned,Completed,12.1,Yes,Expansion joint wear
WO-00336,AST-0080,2025-06-09,Minor Renewal,High,Planned,Completed,20.7,Yes,Concrete spalling
WO-00337,AST-0080,2025-06-23,Routine Servicing,Medium,Planned,Completed,7.6,Yes,Expansion joint wear
WO-00338,AST-0080,2025-09-13,Defect Rectification,Urgent,Unplanned,Completed,9.2,Yes,Guardrail damage
WO-00339,AST-0080,2025-12-08,Reactive Repair,High,Unplanned,Completed,22.8,Yes,Expansion joint wear
WO-00340,AST-0081,2023-03-10,Preventive Maintenance,Medium,Planned,Completed,11.5,Yes,Concrete spalling
WO-00341,AST-0081,2023-07-12,Reactive Repair,Medium,Unplanned,Completed,8.8,Yes,Guardrail damage
WO-00342,AST-0081,2024-02-12,Preventive Maintenance,High,Planned,Completed,8.1,Yes,Expansion joint wear
WO-00343,AST-0081,2025-08-01,Preventive Maintenance,Low,Planned,Completed,19.4,Yes,Guardrail damage
WO-00344,AST-0082,2023-03-22,Minor Renewal,High,Planned,Completed,16.1,Yes,Guardrail damage
WO-00345,AST-0082,2024-05-28,Minor Renewal,Medium,Planned,Completed,11.1,Yes,Guardrail damage
WO-00346,AST-0082,2025-06-15,Preventive Maintenance,High,Planned,Completed,6.9,Yes,Concrete spalling
WO-00347,AST-0082,2025-09-20,Routine Servicing,Low,Planned,Completed,19.0,Yes,Guardrail damage
WO-00348,AST-0083,2023-04-11,Reactive Repair,High,Unplanned,Completed,16.9,Yes,Playground wear
WO-00349,AST-0083,2023-05-26,Routine Servicing,High,Planned,Completed,14.2,No,Shelter corrosion
WO-00350,AST-0083,2024-03-28,Preventive Maintenance,High,Planned,Completed,7.0,No,Playground wear
WO-00351,AST-0083,2024-06-08,Preventive Maintenance,Low,Planned,Completed,17.4,Yes,Playground wear
WO-00352,AST-0083,2025-01-20,Defect Rectification,Medium,Unplanned,Completed,5.9,No,Lighting fault
WO-00353,AST-0083,2025-12-12,Preventive Maintenance,High,Planned,Completed,14.2,No,Shelter corrosion
WO-00354,AST-0084,2025-01-07,Preventive Maintenance,High,Planned,Completed,3.5,No,Shelter corrosion
WO-00355,AST-0084,2025-07-05,Routine Servicing,Low,Planned,Completed,7.5,No,Playground wear
WO-00356,AST-0084,2025-07-15,Minor Renewal,Medium,Planned,Completed,20.1,Yes,Lighting fault
WO-00357,AST-0085,2023-01-24,Defect Rectification,High,Unplanned,Completed,7.9,No,Lighting fault
WO-00358,AST-0085,2023-09-04,Defect Rectification,Urgent,Unplanned,Completed,14.3,No,Lighting fault
WO-00359,AST-0085,2024-04-09,Defect Rectification,High,Unplanned,Completed,5.0,No,Playground wear
WO-00360,AST-0085,2025-02-22,Routine Servicing,Low,Planned,Completed,9.0,No,Shelter corrosion
WO-00361,AST-0085,2025-05-03,Emergency Repair,Urgent,Unplanned,Completed,13.7,No,Shelter corrosion
WO-00362,AST-0085,2025-06-08,Reactive Repair,High,Unplanned,Completed,4.1,No,Shelter corrosion
WO-00363,AST-0086,2023-02-16,Minor Renewal,High,Planned,Completed,21.5,Yes,Lighting fault
WO-00364,AST-0086,2024-02-22,Reactive Repair,Urgent,Unplanned,Completed,5.6,No,Shelter corrosion
WO-00365,AST-0086,2024-03-04,Routine Servicing,High,Planned,Completed,17.2,Yes,Playground wear
WO-00366,AST-0086,2024-03-09,Defect Rectification,High,Unplanned,Completed,3.3,No,Lighting fault
WO-00367,AST-0086,2024-11-10,Minor Renewal,Low,Planned,Completed,19.9,Yes,Shelter corrosion
WO-00368,AST-0086,2025-08-22,Emergency Repair,Urgent,Unplanned,Completed,12.6,No,Shelter corrosion
WO-00369,AST-0086,2025-12-07,Emergency Repair,Urgent,Unplanned,Completed,20.2,Yes,Shelter corrosion
WO-00370,AST-0087,2024-11-05,Preventive Maintenance,High,Planned,Completed,5.1,No,Lighting fault
WO-00371,AST-0087,2025-07-08,Preventive Maintenance,Medium,Planned,Completed,13.3,No,Lighting fault
WO-00372,AST-0088,2023-06-12,Routine Servicing,Low,Planned,Completed,10.5,No,Lighting fault
WO-00373,AST-0088,2025-01-05,Preventive Maintenance,Medium,Planned,Completed,10.4,No,Playground wear
WO-00374,AST-0089,2024-05-18,Emergency Repair,Urgent,Unplanned,Completed,10.6,No,Lighting fault
WO-00375,AST-0089,2025-03-21,Defect Rectification,Urgent,Unplanned,Completed,9.9,No,Shelter corrosion
WO-00376,AST-0089,2025-11-28,Preventive Maintenance,Medium,Planned,Completed,15.4,No,Shelter corrosion
WO-00377,AST-0090,2023-10-24,Reactive Repair,High,Unplanned,Completed,7.6,No,Lighting fault
WO-00378,AST-0090,2023-11-29,Minor Renewal,Low,Planned,Completed,5.7,No,Playground wear
WO-00379,AST-0091,2023-06-29,Defect Rectification,Medium,Unplanned,Completed,5.4,No,Shelter corrosion
WO-00380,AST-0091,2024-11-09,Minor Renewal,High,Planned,Completed,17.8,Yes,Playground wear
WO-00381,AST-0092,2023-09-23,Emergency Repair,Urgent,Unplanned,Completed,4.0,No,Lighting fault
WO-00382,AST-0092,2024-01-04,Emergency Repair,Urgent,Unplanned,Completed,14.7,No,Shelter corrosion
WO-00383,AST-0092,2024-04-21,Reactive Repair,High,Unplanned,Completed,12.6,No,Lighting fault
WO-00384,AST-0092,2024-08-17,Minor Renewal,High,Planned,Completed,9.4,No,Playground wear
WO-00385,AST-0092,2024-12-25,Reactive Repair,High,Unplanned,Completed,5.9,No,Shelter corrosion
WO-00386,AST-0092,2025-10-05,Reactive Repair,High,Unplanned,Completed,10.2,No,Lighting fault
WO-00387,AST-0092,2025-10-13,Routine Servicing,Medium,Planned,Completed,16.9,Yes,Playground wear
WO-00388,AST-0092,2025-10-16,Defect Rectification,High,Unplanned,Completed,6.1,No,Lighting fault
WO-00389,AST-0092,2025-11-30,Preventive Maintenance,Low,Planned,Completed,7.2,No,Playground wear
WO-00390,AST-0093,2025-09-17,Routine Servicing,Low,Planned,Completed,14.5,No,Playground wear
WO-00391,AST-0093,2025-12-08,Minor Renewal,Low,Planned,Completed,7.3,No,Playground wear
WO-00392,AST-0094,2023-10-17,Minor Renewal,Low,Planned,Completed,6.7,No,Shelter corrosion
WO-00393,AST-0094,2024-02-28,Reactive Repair,High,Unplanned,Completed,10.1,No,Lighting fault
WO-00394,AST-0094,2024-07-09,Emergency Repair,Urgent,Unplanned,Completed,10.7,No,Lighting fault
WO-00395,AST-0094,2024-10-14,Minor Renewal,Medium,Planned,Completed,14.7,No,Shelter corrosion
WO-00396,AST-0094,2024-12-18,Reactive Repair,Urgent,Unplanned,Completed,11.5,No,Playground wear
WO-00397,AST-0095,2025-03-31,Preventive Maintenance,High,Planned,Completed,5.4,No,Shelter corrosion
WO-00398,AST-0095,2025-04-26,Minor Renewal,High,Planned,Completed,11.4,No,Shelter corrosion
WO-00399,AST-0095,2025-08-02,Minor Renewal,Low,Planned,Completed,6.7,No,Lighting fault
WO-00400,AST-0096,2024-02-05,Minor Renewal,Medium,Planned,Completed,20.1,Yes,Shelter corrosion
WO-00401,AST-0096,2024-02-26,Preventive Maintenance,High,Planned,Completed,3.1,No,Lighting fault
WO-00402,AST-0096,2024-10-10,Defect Rectification,Medium,Unplanned,Completed,8.5,No,Lighting fault
WO-00403,AST-0096,2025-07-04,Defect Rectification,Medium,Unplanned,Completed,15.9,No,Playground wear
WO-00404,AST-0097,2024-01-04,Emergency Repair,Urgent,Unplanned,Completed,12.6,No,Lighting fault
WO-00405,AST-0097,2024-01-16,Defect Rectification,High,Unplanned,Completed,17.7,Yes,Lighting fault
WO-00406,AST-0097,2024-04-07,Reactive Repair,High,Unplanned,Completed,14.0,No,Lighting fault
WO-00407,AST-0097,2024-12-28,Routine Servicing,High,Planned,Completed,4.2,No,Lighting fault
WO-00408,AST-0097,2025-02-26,Reactive Repair,Urgent,Unplanned,Completed,12.2,No,Shelter corrosion
WO-00409,AST-0097,2025-05-18,Defect Rectification,Urgent,Unplanned,Completed,9.3,No,Shelter corrosion
WO-00410,AST-0097,2025-07-10,Defect Rectification,Urgent,Unplanned,Completed,3.9,No,Shelter corrosion
WO-00411,AST-0097,2025-07-19,Routine Servicing,High,Planned,Completed,12.4,No,Shelter corrosion
WO-00412,AST-0097,2025-11-09,Emergency Repair,Urgent,Unplanned,Completed,17.7,Yes,Shelter corrosion
WO-00413,AST-0098,2023-04-22,Preventive Maintenance,Low,Planned,Completed,5.5,No,Shelter corrosion
WO-00414,AST-0098,2024-06-25,Minor Renewal,Low,Planned,Completed,10.4,No,Lighting fault
WO-00415,AST-0098,2024-12-07,Defect Rectification,Medium,Unplanned,Completed,7.3,No,Shelter corrosion
WO-00416,AST-0099,2023-08-01,Defect Rectification,High,Unplanned,Completed,3.5,No,Lighting fault
WO-00417,AST-0099,2025-07-02,Preventive Maintenance,High,Planned,Completed,12.6,No,Lighting fault
WO-00418,AST-0099,2025-12-11,Defect Rectification,High,Unplanned,Completed,16.4,Yes,Lighting fault
WO-00419,AST-0100,2023-08-06,Reactive Repair,Medium,Unplanned,Completed,11.6,No,Shelter corrosion
WO-00420,AST-0100,2024-06-14,Defect Rectification,Medium,Unplanned,Completed,12.8,No,Playground wear
WO-00421,AST-0100,2025-06-23,Routine Servicing,Low,Planned,Completed,13.5,No,Shelter corrosion
WO-00422,AST-0101,2024-01-27,Minor Renewal,High,Planned,Completed,13.1,Yes,Roof leak
WO-00423,AST-0101,2024-09-04,Preventive Maintenance,Low,Planned,Completed,4.6,Yes,Roof leak
WO-00424,AST-0101,2025-03-09,Routine Servicing,Medium,Planned,Completed,5.1,Yes,Accessibility defect
WO-00425,AST-0102,2023-05-11,Reactive Repair,Medium,Unplanned,Completed,19.6,Yes,HVAC issue
WO-00426,AST-0102,2023-08-06,Minor Renewal,High,Planned,Completed,14.1,Yes,Roof leak
WO-00427,AST-0102,2023-12-16,Preventive Maintenance,Medium,Planned,Completed,20.2,Yes,Roof leak
WO-00428,AST-0103,2024-05-04,Minor Renewal,High,Planned,Completed,5.6,Yes,Roof leak
WO-00429,AST-0103,2025-04-23,Preventive Maintenance,High,Planned,Completed,20.0,Yes,HVAC issue
WO-00430,AST-0103,2025-07-11,Reactive Repair,High,Unplanned,Completed,6.2,Yes,Accessibility defect
WO-00431,AST-0103,2025-12-07,Minor Renewal,High,Planned,Completed,9.8,Yes,Accessibility defect
WO-00432,AST-0104,2023-08-14,Defect Rectification,High,Unplanned,Completed,11.2,Yes,Roof leak
WO-00433,AST-0104,2024-04-16,Emergency Repair,Urgent,Unplanned,Completed,14.9,Yes,Roof leak
WO-00434,AST-0104,2024-10-29,Preventive Maintenance,Medium,Planned,Completed,17.9,Yes,Accessibility defect
WO-00435,AST-0104,2024-10-29,Reactive Repair,High,Unplanned,Completed,9.4,Yes,Roof leak
WO-00436,AST-0105,2023-03-10,Minor Renewal,Low,Planned,Completed,15.3,Yes,Roof leak
WO-00437,AST-0105,2023-03-24,Routine Servicing,Low,Planned,Completed,6.5,Yes,HVAC issue
WO-00438,AST-0105,2023-04-01,Emergency Repair,Urgent,Unplanned,Completed,20.3,Yes,Roof leak
WO-00439,AST-0105,2025-05-21,Preventive Maintenance,Medium,Planned,Completed,12.9,Yes,Roof leak
WO-00440,AST-0105,2025-08-21,Defect Rectification,Urgent,Unplanned,Completed,17.6,Yes,Roof leak
WO-00441,AST-0105,2025-10-29,Defect Rectification,High,Unplanned,Completed,9.7,Yes,HVAC issue
WO-00442,AST-0106,2023-04-22,Defect Rectification,High,Unplanned,Completed,13.4,Yes,Accessibility defect
WO-00443,AST-0106,2024-07-01,Minor Renewal,High,Planned,Completed,24.0,Yes,HVAC issue
WO-00444,AST-0106,2024-07-21,Minor Renewal,High,Planned,Completed,23.6,Yes,Roof leak
WO-00445,AST-0106,2025-05-16,Preventive Maintenance,Low,Planned,Completed,11.5,Yes,Roof leak
WO-00446,AST-0106,2025-10-28,Preventive Maintenance,Low,Planned,Completed,9.3,Yes,Accessibility defect
WO-00447,AST-0107,2024-04-09,Preventive Maintenance,Low,Planned,Completed,10.8,Yes,HVAC issue
WO-00448,AST-0107,2025-01-31,Preventive Maintenance,High,Planned,Completed,14.3,Yes,Roof leak
WO-00449,AST-0107,2025-09-18,Minor Renewal,High,Planned,Completed,23.3,Yes,Roof leak
WO-00450,AST-0108,2023-03-24,Emergency Repair,Urgent,Unplanned,Completed,5.3,Yes,Accessibility defect
WO-00451,AST-0108,2023-08-19,Emergency Repair,Urgent,Unplanned,Completed,6.0,Yes,Accessibility defect
WO-00452,AST-0108,2023-10-13,Routine Servicing,Low,Planned,Completed,4.3,Yes,Accessibility defect
WO-00453,AST-0108,2024-11-24,Minor Renewal,Medium,Planned,Completed,9.2,Yes,HVAC issue
WO-00454,AST-0108,2025-06-24,Emergency Repair,Urgent,Unplanned,Completed,20.3,Yes,HVAC issue
WO-00455,AST-0108,2025-09-07,Routine Servicing,Low,Planned,Completed,9.5,Yes,HVAC issue
WO-00456,AST-0109,2023-10-08,Routine Servicing,High,Planned,Completed,13.5,Yes,HVAC issue
WO-00457,AST-0109,2024-01-16,Minor Renewal,High,Planned,Completed,15.5,Yes,Roof leak
WO-00458,AST-0109,2024-02-13,Defect Rectification,High,Unplanned,Completed,6.3,Yes,Accessibility defect
WO-00459,AST-0110,2023-04-10,Minor Renewal,High,Planned,Completed,26.6,Yes,Accessibility defect
WO-00460,AST-0110,2024-12-30,Preventive Maintenance,High,Planned,Completed,18.6,Yes,Accessibility defect
WO-00461,AST-0111,2023-02-05,Routine Servicing,High,Planned,Completed,11.0,Yes,HVAC issue
WO-00462,AST-0112,2023-07-17,Preventive Maintenance,High,Planned,Completed,21.5,Yes,Roof leak
WO-00463,AST-0112,2023-09-11,Reactive Repair,High,Unplanned,Completed,22.4,Yes,HVAC issue
WO-00464,AST-0113,2023-08-20,Reactive Repair,Medium,Unplanned,Completed,13.6,Yes,HVAC issue
WO-00465,AST-0113,2024-10-05,Preventive Maintenance,Low,Planned,Completed,10.3,Yes,Roof leak
WO-00466,AST-0114,2024-02-12,Routine Servicing,Low,Planned,Completed,8.4,Yes,HVAC issue
WO-00467,AST-0114,2024-11-24,Minor Renewal,High,Planned,Completed,18.6,Yes,Accessibility defect
